rank;curso;horas;aulas;modulos;vimeo;site;proximo_passo
1;Inteligência Artificial - Canis Minor Solum (Premium);30,2;83;12;⚠️ incompleto (11/12 módulos);⚠️ 27/83 aulas;completar aulas no site (e completar Vimeo)
2;Excel 2019 - Módulo II (Premium);23,4;126;10;❌ não está;❌;baixar → subir no Vimeo → site
3;Office 365 para Negócios: Domine a Produtividade (Premium);15,7;89;21;❌ não está;❌;baixar → subir no Vimeo → site
4;Excel 2019 - Gráficos e Dashboards (Premium);15,7;81;8;❌ não está;❌;baixar → subir no Vimeo → site
5;Excel 2019 - Módulo I (Premium);14,8;81;13;⚠️ incompleto (7/13 módulos);⚠️ 41/81 aulas;completar aulas no site (e completar Vimeo)
6;Método Python Pass - Aprenda Python com Projetos (Premium);11,9;108;11;⚠️ incompleto (9/11 módulos);⚠️ 86/108 aulas;completar aulas no site (e completar Vimeo)
7;React - Direto ao Ponto (Premium);11,1;70;13;❌ não está;❌;baixar → subir no Vimeo → site
8;Photoshop CC 2019 - Módulo I (Premium);10,0;49;17;❌ não está;❌;baixar → subir no Vimeo → site
9;Illustrator CC 2019 (Premium);9,1;47;12;✅ completo;✅;ok
10;Scrum - Gestão e Desenvolvimento Ágil de Projetos;8,6;34;5;❌ não está;❌;baixar → subir no Vimeo → site
11;SQL 2016: Construindo Sistemas de Banco de Dados Poderosos (Premium);7,8;31;30;❌ não está;❌;baixar → subir no Vimeo → site
12;AutoCAD 2019 - Módulo I (Premium);7,4;59;12;⚠️ incompleto (11/12 módulos);⚠️ 53/59 aulas;completar aulas no site (e completar Vimeo)
13;Data Science em Foco: Projetos que Impulsionam (Premium);7,0;71;10;✅ completo;⚠️ 61/71 aulas;completar aulas no site
14;Power BI Desktop: Dominando Análise de Dados (Premium);6,8;21;8;❌ não está;❌;baixar → subir no Vimeo → site
15;Domine o Inbound Marketing;5,4;25;8;❌ não está;❌;baixar → subir no Vimeo → site
16;Photoshop CC 2019 - Módulo II (Premium);5,1;30;11;❌ não está;❌;baixar → subir no Vimeo → site
17;Fundamentos de Machine Learning na Prática (Premium);4,6;29;16;✅ completo;✅;ok
18;PNL - Desvendando a Mente (Premium);4,6;19;7;❌ não está;❌;baixar → subir no Vimeo → site
19;Marketing Digital para Ecommerce (Premium);3,5;50;6;❌ não está;❌;baixar → subir no Vimeo → site
20;Mongo DB em Ação: Dominando a Prática (Premium);3,3;22;10;❌ não está;❌;baixar → subir no Vimeo → site
21;Big Data com Hadoop - Fundamentos (Premium);3,1;19;5;❌ não está;❌;baixar → subir no Vimeo → site
22;ETL na Prática - Como trabalhar com dados (Premium);2,6;15;7;❌ não está;❌;baixar → subir no Vimeo → site
23;Global Business for Tech Entrepreneurs;2,5;13;3;❌ não está;❌;baixar → subir no Vimeo → site
24;Negociação Produtiva (Premium);2,2;7;1;❌ não está;❌;baixar → subir no Vimeo → site
25;Global Business for Entrepreneurs;2,1;11;3;❌ não está;❌;baixar → subir no Vimeo → site
26;Tik Tok Ads (Premium);1,9;16;1;❌ não está;❌;baixar → subir no Vimeo → site
27;Data Warehouse Fundamentos e Implementação (Premium);1,9;12;1;❌ não está;❌;baixar → subir no Vimeo → site
28;CBS - Community Building Strategies;1,7;10;9;✅ completo;✅;ok
29;R: Explorando o Potencial da Análise de Dados (Premium);1,7;10;6;❌ não está;❌;baixar → subir no Vimeo → site
30;Fundamentos de Liderança;1,6;8;1;❌ não está;❌;baixar → subir no Vimeo → site
31;Introdução à Lógica de Programação (Premium);1,5;10;9;❌ não está;❌;baixar → subir no Vimeo → site
32;Home Officer - O profissional do agora;1,4;1;1;❌ não está;❌;baixar → subir no Vimeo → site
33;7 Tendências para o Novo Mundo;1,2;10;1;✅ completo;✅;ok
34;Estratégias de Carreira;1,2;6;1;✅ completo;✅;ok
35;Reinventando a Carreira;1,2;6;1;❌ não está;❌;baixar → subir no Vimeo → site
36;O que é Inteligência Artificial? (Premium);1,2;1;1;✅ completo;❌;subir no site
37;IoT Desvendada: Fundamentos da Internet das Coisas;1,2;13;1;❌ não está;❌;baixar → subir no Vimeo → site
38;Tendências Globais para Fintechs (Premium);1,2;5;1;❌ não está;❌;baixar → subir no Vimeo → site
39;Instagram Autoral (Premium);1,1;8;1;✅ completo;✅;ok
40;Brand Experience (Premium);0,9;3;1;❌ não está;❌;baixar → subir no Vimeo → site
41;Game Dev - Introdução ao Mundo dos Games (Premium);0,9;4;1;✅ completo;✅;ok
42;B.I. - Como transformar dados em realidade (Premium);0,8;9;1;✅ completo;✅;ok
43;Apertando START no mundo dos games (Premium);0,8;4;1;❌ não está;❌;baixar → subir no Vimeo → site
44;Planejamento Estratégico;0,8;6;1;❌ não está;❌;baixar → subir no Vimeo → site
45;Mobile Economy;0,8;3;1;❌ não está;❌;baixar → subir no Vimeo → site
46;Como criar um E-Commerce Global;0,8;4;1;❌ não está;❌;baixar → subir no Vimeo → site
47;Vida e Morte das Organizações;0,8;5;1;❌ não está;❌;baixar → subir no Vimeo → site
48;Contabilidade para não contadores;0,8;6;1;✅ completo;✅;ok
49;Como criar uma marca global;0,7;5;1;❌ não está;❌;baixar → subir no Vimeo → site
50;Game Design e Prototipagem para Boardgames (Premium);0,7;3;1;❌ não está;❌;baixar → subir no Vimeo → site
51;Double Diamond - Introdução ao UX Design (Premium);0,6;4;1;❌ não está;❌;baixar → subir no Vimeo → site
52;Estratégias Aplicadas ao Empreendedorismo;0,5;4;1;❌ não está;❌;baixar → subir no Vimeo → site
53;Ferramentas para aumentar sua produtividade (Premium);0,4;3;1;❌ não está;❌;baixar → subir no Vimeo → site
54;Sociedade com Custo Marginal Zero;0,4;1;1;❌ não está;❌;baixar → subir no Vimeo → site
55;Colocando a Coragem para Trabalhar;0,4;1;1;❌ não está;❌;baixar → subir no Vimeo → site
56;Empreender como PJ: O Guia para a Liberdade Profissional;0,4;3;1;❌ não está;❌;baixar → subir no Vimeo → site
57;A Guerra por Talentos;0,4;1;1;❌ não está;❌;baixar → subir no Vimeo → site
58;Como Expatriar Funcionários;0,4;1;1;❌ não está;❌;baixar → subir no Vimeo → site
59;Um guia para Iniciantes: O que é o Metaverso?;0,4;1;1;❌ não está;❌;baixar → subir no Vimeo → site
60;A alma do dinheiro;0,4;1;1;❌ não está;❌;baixar → subir no Vimeo → site
61;Inteligência Emocional;0,4;1;1;❌ não está;❌;baixar → subir no Vimeo → site
62;Criatividade;0,4;1;1;❌ não está;❌;baixar → subir no Vimeo → site
63;Arquétipos do Networking;0,4;3;1;❌ não está;❌;baixar → subir no Vimeo → site
64;O Líder do Futuro;0,4;1;1;❌ não está;❌;baixar → subir no Vimeo → site
65;O Caminho para a Reinvenção;0,3;1;1;❌ não está;❌;baixar → subir no Vimeo → site
66;Mentalidade de Crescimento (Premium);0,3;1;1;❌ não está;❌;baixar → subir no Vimeo → site
67;Preparando pessoas para a transformação;0,3;1;1;❌ não está;❌;baixar → subir no Vimeo → site
68;Conceito: Homo Deus;0,3;1;1;❌ não está;❌;baixar → subir no Vimeo → site
69;A Indústria de Ideias;0,3;1;1;❌ não está;❌;baixar → subir no Vimeo → site
70;Neurociência da Educação;0,3;6;1;❌ não está;❌;baixar → subir no Vimeo → site
71;Monetizando a Inovação;0,3;1;1;❌ não está;❌;baixar → subir no Vimeo → site
72;Aspectos Legais da Internacionalização;0,3;2;1;❌ não está;❌;baixar → subir no Vimeo → site
73;Liderança Aberta;0,3;1;1;❌ não está;❌;baixar → subir no Vimeo → site
74;O Projeto Desfazer:A amizade que mudou nossa forma de pensar;0,3;1;1;❌ não está;❌;baixar → subir no Vimeo → site
75;A Quarta Revolução Industrial;0,3;1;1;❌ não está;❌;baixar → subir no Vimeo → site
76;O homem mais rico da Babilônia;0,3;1;1;❌ não está;❌;baixar → subir no Vimeo → site
77;Habilidades do Futuro;0,3;1;1;❌ não está;❌;baixar → subir no Vimeo → site
78;Dominando a arte de falar em público;0,3;1;1;❌ não está;❌;baixar → subir no Vimeo → site
79;A Economia Global em 2030;0,3;1;1;❌ não está;❌;baixar → subir no Vimeo → site
80;Pensamento Crítico;0,3;1;1;❌ não está;❌;baixar → subir no Vimeo → site
81;A Armadilha do Tempo;0,3;1;1;❌ não está;❌;baixar → subir no Vimeo → site
82;O Futuro da Economia - As 12 Tendências;0,3;1;1;❌ não está;❌;baixar → subir no Vimeo → site
83;Conceito: Sapiens - Uma breve história da humanidade;0,3;1;1;❌ não está;❌;baixar → subir no Vimeo → site
84;Como Criar Apresentações Impactantes (Premium);0,3;1;1;❌ não está;❌;baixar → subir no Vimeo → site
85;O Investidor de Bom Senso;0,3;1;1;❌ não está;❌;baixar → subir no Vimeo → site
86;O Metaverso de Charlie Fink;0,3;1;1;❌ não está;❌;baixar → subir no Vimeo → site
87;Humble Leadership - A liderança humilde;0,3;1;1;❌ não está;❌;baixar → subir no Vimeo → site
88;Olhe Mais Além: Uma abordagem comprovada sobre inovação;0,3;1;1;❌ não está;❌;baixar → subir no Vimeo → site
89;Desencadeando a Inovação e o Potencial Empreendedor;0,3;1;1;❌ não está;❌;baixar → subir no Vimeo → site
90;Dez Tipos de Inovação;0,3;1;1;❌ não está;❌;baixar → subir no Vimeo → site
91;Marketing Digital para Iniciantes (Premium);0,3;2;1;❌ não está;❌;baixar → subir no Vimeo → site
92;Marketing na Era Digital;0,3;1;1;❌ não está;❌;baixar → subir no Vimeo → site
93;A Hipótese do Inovador;0,3;1;1;❌ não está;❌;baixar → subir no Vimeo → site
94;Pensamento Exponencial;0,3;4;1;❌ não está;❌;baixar → subir no Vimeo → site
95;Lidere, Cuide, Vença - Como se tornar um líder relevante;0,3;1;1;❌ não está;❌;baixar → subir no Vimeo → site
96;Liderança em Tempos de Crise;0,3;1;1;❌ não está;❌;baixar → subir no Vimeo → site
97;Saída de Mestre;0,3;1;1;❌ não está;❌;baixar → subir no Vimeo → site
98;A Mentalidade Criativa;0,3;1;1;❌ não está;❌;baixar → subir no Vimeo → site
99;Um CEO Faz Apenas Três Coisas;0,3;1;1;❌ não está;❌;baixar → subir no Vimeo → site
100;Adaptabilidade (Premium);0,3;1;1;❌ não está;❌;baixar → subir no Vimeo → site
101;Medicina e Biotecnologia;0,3;1;1;❌ não está;❌;baixar → subir no Vimeo → site
102;A História Secreta da Criatividade;0,3;1;1;❌ não está;❌;baixar → subir no Vimeo → site
103;O MBA da Vida Real;0,3;1;1;❌ não está;❌;baixar → subir no Vimeo → site
104;Lifelong Learning - Aprendizado Contínuo;0,3;1;1;❌ não está;❌;baixar → subir no Vimeo → site
105;O Futuro do Trabalho - Robôs, inteligência artificial;0,3;1;1;❌ não está;❌;baixar → subir no Vimeo → site
106;A Economia do Bem e do Mal;0,3;1;1;❌ não está;❌;baixar → subir no Vimeo → site
107;Obrigado pela Informação que Você Não Me Deu;0,3;1;1;❌ não está;❌;baixar → subir no Vimeo → site
108;Mais do que Mulher-Maravilha... Mulher Real;0,3;1;1;❌ não está;❌;baixar → subir no Vimeo → site
109;O Acaso Não Existe;0,3;1;1;❌ não está;❌;baixar → subir no Vimeo → site
110;Tudo o Que Você Precisa Saber Sobre o Futuro do Trabalho;0,3;1;1;❌ não está;❌;baixar → subir no Vimeo → site
111;A Arte da Liderança - Pequenas coisas, bem executadas;0,3;1;1;❌ não está;❌;baixar → subir no Vimeo → site
112;As 17 Incontestáveis Leis do Trabalho em Equipe;0,3;1;1;❌ não está;❌;baixar → subir no Vimeo → site
113;O que Fazer Quando as Máquinas Fazem Tudo;0,3;1;1;❌ não está;❌;baixar → subir no Vimeo → site
114;Liderança Criativa;0,3;1;1;❌ não está;❌;baixar → subir no Vimeo → site
115;Como Avaliar e Medir a Inovação nos Negócios;0,3;1;1;❌ não está;❌;baixar → subir no Vimeo → site
116;Evolução dos Jogos e Gamificação (Premium);0,3;2;1;❌ não está;❌;baixar → subir no Vimeo → site
117;De Zero a Um;0,3;1;1;❌ não está;❌;baixar → subir no Vimeo → site
118;Como Consertar uma Fábrica;0,3;1;1;❌ não está;❌;baixar → subir no Vimeo → site
119;Solução de Problemas Complexos (Premium);0,3;1;1;❌ não está;❌;baixar → subir no Vimeo → site
120;Comunicação;0,3;1;1;❌ não está;❌;baixar → subir no Vimeo → site
121;A Vantagem da Curiosidade;0,2;1;1;❌ não está;❌;baixar → subir no Vimeo → site
122;Tendências de Tecnologia do Future Today Institute - 2020;0,2;1;1;❌ não está;❌;baixar → subir no Vimeo → site
123;First Principle;0,2;4;1;❌ não está;❌;baixar → subir no Vimeo → site
124;Política do Futuro;0,2;1;1;❌ não está;❌;baixar → subir no Vimeo → site
125;Instagram, WhatsApp e Facebook para Negócios;0,2;1;1;❌ não está;❌;baixar → subir no Vimeo → site
126;A Psicologia do Dinheiro;0,2;1;1;❌ não está;❌;baixar → subir no Vimeo → site
127;Aberto para Pensar;0,2;1;1;❌ não está;❌;baixar → subir no Vimeo → site
128;Tráfego Pago: O Segredo do Lucro nas Redes Sociais;0,2;1;1;❌ não está;❌;baixar → subir no Vimeo → site
129;A Liderança Inspirada pela Arte;0,2;1;1;❌ não está;❌;baixar → subir no Vimeo → site
130;O Estilo Emocional do Cérebro;0,2;1;1;❌ não está;❌;baixar → subir no Vimeo → site
131;FLAPS! Liderança Adaptágil;0,2;1;1;❌ não está;❌;baixar → subir no Vimeo → site
132;A Lógica do Consumo;0,2;1;1;❌ não está;❌;baixar → subir no Vimeo → site
133;Escute o que ela diz;0,2;1;1;❌ não está;❌;baixar → subir no Vimeo → site
134;A Era Exponencial;0,2;1;1;❌ não está;❌;baixar → subir no Vimeo → site
135;Equipes Globais;0,2;1;1;❌ não está;❌;baixar → subir no Vimeo → site
136;Scrum para Leigos;0,2;1;1;❌ não está;❌;baixar → subir no Vimeo → site
137;O Desafio da Cadeia de Suprimentos Digital;0,2;1;1;❌ não está;❌;baixar → subir no Vimeo → site
138;2025, O Mundo Novo;0,2;1;1;❌ não está;❌;baixar → subir no Vimeo → site
139;Criptoativos - O guia inovador do investidor;0,2;1;1;❌ não está;❌;baixar → subir no Vimeo → site
140;Os Dilemas do Fundador;0,2;1;1;❌ não está;❌;baixar → subir no Vimeo → site
141;Como criar uma política corporativa de viagens internacionais;0,2;1;1;❌ não está;❌;baixar → subir no Vimeo → site
142;A Revolução do Trabalho Remoto;0,2;1;1;❌ não está;❌;baixar → subir no Vimeo → site
143;Dito de Forma Simples;0,2;1;1;❌ não está;❌;baixar → subir no Vimeo → site
144;A Arte de Escrever para a Web;0,2;1;1;❌ não está;❌;baixar → subir no Vimeo → site
145;As 21 Indispensáveis Qualidades de um Líder;0,2;1;1;❌ não está;❌;baixar → subir no Vimeo → site
146;O Maior Retorno do Líder;0,2;1;1;❌ não está;❌;baixar → subir no Vimeo → site
147;A Tríade do Tempo;0,2;1;1;❌ não está;❌;baixar → subir no Vimeo → site
148;Responsabilidade Social Corporativa Não é Relações Públicas;0,2;1;1;❌ não está;❌;baixar → subir no Vimeo → site
149;Persuasão;0,2;1;1;❌ não está;❌;baixar → subir no Vimeo → site
150;Reinventando as organizações;0,2;1;1;❌ não está;❌;baixar → subir no Vimeo → site
151;Instagram Marketing;0,2;1;1;❌ não está;❌;baixar → subir no Vimeo → site
152;Todos Devemos Ser Milionários;0,2;1;1;❌ não está;❌;baixar → subir no Vimeo → site
153;What Are Your Blind Spots?;0,2;1;1;❌ não está;❌;baixar → subir no Vimeo → site
154;Adapte-se: Resiliência;0,2;1;1;❌ não está;❌;baixar → subir no Vimeo → site
155;Mapeando a Inovação;0,2;1;1;❌ não está;❌;baixar → subir no Vimeo → site
156;Ética, Mídia e Comunicação;0,2;1;1;❌ não está;❌;baixar → subir no Vimeo → site
157;Biomimética: Inovação Bioinspirada;0,2;1;1;❌ não está;❌;baixar → subir no Vimeo → site
158;Superintelligence: Paths, Dangers, Strategies;0,2;1;1;❌ não está;❌;baixar → subir no Vimeo → site
159;Gerindo Transições ;0,2;1;1;❌ não está;❌;baixar → subir no Vimeo → site
160;Aprimore Suas Reuniões Virtuais;0,2;1;1;❌ não está;❌;baixar → subir no Vimeo → site
161;Qual o futuro do dinheiro?;0,2;1;1;❌ não está;❌;baixar → subir no Vimeo → site
162;Zen Mind, Beginner's Mind;0,2;1;1;❌ não está;❌;baixar → subir no Vimeo → site
163;Trabalhe Melhor em Grupo;0,2;1;1;❌ não está;❌;baixar → subir no Vimeo → site
164;Liderança Shakti;0,2;1;1;❌ não está;❌;baixar → subir no Vimeo → site
165;A Solução para o Esgotamento;0,2;1;1;❌ não está;❌;baixar → subir no Vimeo → site
166;A potência das Microtendências;0,2;1;1;❌ não está;❌;baixar → subir no Vimeo → site
167;A Liderança Atenciosa;0,2;1;1;❌ não está;❌;baixar → subir no Vimeo → site
168;Elon Musk: Vida e Empreendimentos;0,2;1;1;❌ não está;❌;baixar → subir no Vimeo → site
169;O jeito correto de ganhar;0,2;1;1;❌ não está;❌;baixar → subir no Vimeo → site
170;Os Níveis de Aprendizagem;0,2;1;1;❌ não está;❌;baixar → subir no Vimeo → site
171;Uma terra prometida;0,2;1;1;❌ não está;❌;baixar → subir no Vimeo → site
172;Fazendo a Inovação Acontecer;0,2;1;1;❌ não está;❌;baixar → subir no Vimeo → site
173;Hackeando Darwin;0,2;1;1;❌ não está;❌;baixar → subir no Vimeo → site
174;O Companheiro de Equipe a Longa Distância;0,2;1;1;❌ não está;❌;baixar → subir no Vimeo → site
175;Os 7 Hábitos das Pessoas Altamente Eficazes;0,2;1;1;❌ não está;❌;baixar → subir no Vimeo → site
176;Hábitos Simples para Tempos Complexos;0,2;1;1;⚠️ vídeo 00:00 (upload com problema?);❌;completar Vimeo → subir no site
177;Soltando as Amarras;0,2;1;1;❌ não está;❌;baixar → subir no Vimeo → site
178;A Quinta Disciplina;0,2;1;1;❌ não está;❌;baixar → subir no Vimeo → site
179;Revolução do Talento;0,2;1;1;❌ não está;❌;baixar → subir no Vimeo → site
180;5 Modos Entediantes de Se Tornar Mais Criativo;0,2;1;1;❌ não está;❌;baixar → subir no Vimeo → site
181;Do bullying a Magnata: A trajetória de Elon Musk;0,2;1;1;❌ não está;❌;baixar → subir no Vimeo → site
182;O C-Level do Futuro;0,2;1;1;❌ não está;❌;baixar → subir no Vimeo → site
183;O Maior Bem que Podemos Fazer;0,2;1;1;❌ não está;❌;baixar → subir no Vimeo → site
184;A Quietude é a chave;0,2;1;1;❌ não está;❌;baixar → subir no Vimeo → site
185;A Sabedoria do Fracasso;0,2;1;1;❌ não está;❌;baixar → subir no Vimeo → site
186;eLogistics - Logística para o E-commerce;0,2;1;1;❌ não está;❌;baixar → subir no Vimeo → site
187;Howard Hughes: His Life and Madness;0,2;1;1;❌ não está;❌;baixar → subir no Vimeo → site
188;21 Lições para o Século XXI;0,2;5;1;❌ não está;❌;baixar → subir no Vimeo → site
189;O Propósito Transformador Massivo;0,2;1;1;❌ não está;❌;baixar → subir no Vimeo → site
190;A Lei do Triunfo;0,2;1;1;❌ não está;❌;baixar → subir no Vimeo → site
191;A armadilha dos conselhos;0,2;1;1;❌ não está;❌;baixar → subir no Vimeo → site
192;Bora Bater Meta;0,2;1;1;❌ não está;❌;baixar → subir no Vimeo → site
193;Regulatory sandbox: As leis e a inovação;0,2;1;1;❌ não está;❌;baixar → subir no Vimeo → site
194;Excelência e Maestria;0,2;1;1;❌ não está;❌;baixar → subir no Vimeo → site
195;7 Passos para ser um Líder de Vendas;0,2;1;1;❌ não está;❌;baixar → subir no Vimeo → site
196;Preservando a Reputação;0,2;1;1;❌ não está;❌;baixar → subir no Vimeo → site
197;Construindo Comunidades de Marca;0,2;1;1;❌ não está;❌;baixar → subir no Vimeo → site
198;As 3 Leis do Desempenho;0,2;1;1;❌ não está;❌;baixar → subir no Vimeo → site
199;Lean vs. Ágil vs. Design Thinking;0,2;1;1;❌ não está;❌;baixar → subir no Vimeo → site
200;As Novas Competências de Liderança;0,2;1;1;❌ não está;❌;baixar → subir no Vimeo → site
201;O Metaverso e como ele irá revolucionar tudo;0,2;1;1;❌ não está;❌;baixar → subir no Vimeo → site
202;Metaverso por Mark Zuckerberg entrevista Gary Vaynerchuk;0,2;1;1;❌ não está;❌;baixar → subir no Vimeo → site
203;As Regras Básicas de Warren Buffett;0,2;1;1;❌ não está;❌;baixar → subir no Vimeo → site
204;The Black Swan;0,2;1;1;❌ não está;❌;baixar → subir no Vimeo → site
205;Desafios da Primeira Gestão;0,2;1;1;❌ não está;❌;baixar → subir no Vimeo → site
206;Equidade em Elevação;0,2;1;1;❌ não está;❌;baixar → subir no Vimeo → site
207;O Príncipe;0,2;1;1;❌ não está;❌;baixar → subir no Vimeo → site
208;International Team Management;0,2;1;1;⚠️ vídeo 00:00 (upload com problema?);❌;completar Vimeo → subir no site
209;A sociedade contra o Estado;0,2;1;1;❌ não está;❌;baixar → subir no Vimeo → site
210;O Fim do Marketing;0,2;1;1;❌ não está;❌;baixar → subir no Vimeo → site
211;A Regra 10X;0,2;1;1;❌ não está;❌;baixar → subir no Vimeo → site
212;O Metaverso da China;0,2;1;1;❌ não está;❌;baixar → subir no Vimeo → site
213;How to create an International Sales Pitch;0,2;1;1;⚠️ vídeo 00:00 (upload com problema?);❌;completar Vimeo → subir no site
214;The Everything Store: Jeff Bezos and the Age of Amazon;0,2;1;1;❌ não está;❌;baixar → subir no Vimeo → site
215;Aprofundando os Níveis de Aprendizagem;0,2;1;1;❌ não está;❌;baixar → subir no Vimeo → site
216;A Cabeça de Steve Jobs;0,2;1;1;❌ não está;❌;baixar → subir no Vimeo → site
217;O Almanaque de Naval Ravikant ;0,2;1;1;❌ não está;❌;baixar → subir no Vimeo → site
218;IF THEN: Como a Simulmatics Corporation Inventou O Futuro;0,2;1;1;❌ não está;❌;baixar → subir no Vimeo → site
219;O Coach Excelente;0,2;1;1;❌ não está;❌;baixar → subir no Vimeo → site
220;O Líder de Longa Distância;0,2;1;1;❌ não está;❌;baixar → subir no Vimeo → site
221;O Condutor do Carro Autônomo;0,2;1;1;❌ não está;❌;baixar → subir no Vimeo → site
222;Under a White Sky: The Nature of the Future;0,2;1;1;❌ não está;❌;baixar → subir no Vimeo → site
223;Ao Vivo de Cupertino;0,2;1;1;❌ não está;❌;baixar → subir no Vimeo → site
224;A Comunicação do Líder;0,2;1;1;❌ não está;❌;baixar → subir no Vimeo → site
225;Lights Out:Pride, Delusion, and the Fall of General Electric;0,2;1;1;❌ não está;❌;baixar → subir no Vimeo → site
226;1984;0,2;1;1;❌ não está;❌;baixar → subir no Vimeo → site
227;Security Analysis;0,2;1;1;❌ não está;❌;baixar → subir no Vimeo → site
228;21 lições para o Século XXI;0,2;1;1;❌ não está;❌;baixar → subir no Vimeo → site
229;Design para um Futuro Mais Justo;0,2;1;1;❌ não está;❌;baixar → subir no Vimeo → site
230;Agilidade Emocional (Premium);0,2;2;1;❌ não está;❌;baixar → subir no Vimeo → site
231;Teoria e Prática de Relações Públicas;0,2;1;1;❌ não está;❌;baixar → subir no Vimeo → site
232;Simplesmente Gerenciar ;0,2;1;1;❌ não está;❌;baixar → subir no Vimeo → site
233;Anticarreira;0,2;1;1;❌ não está;❌;baixar → subir no Vimeo → site
234;Ask Your Developer - Pergunte ao Seu Desenvolvedor;0,2;1;1;❌ não está;❌;baixar → subir no Vimeo → site
235;SuperApps;0,2;1;1;❌ não está;❌;baixar → subir no Vimeo → site
236;Os 4 Estágios da Segurança Psicológica;0,2;1;1;❌ não está;❌;baixar → subir no Vimeo → site
237;5% Mais;0,2;1;1;❌ não está;❌;baixar → subir no Vimeo → site
238;Memos from the Chairman;0,2;1;1;❌ não está;❌;baixar → subir no Vimeo → site
239;Execução: A Disciplina Para Atingir Resultados;0,2;1;1;❌ não está;❌;baixar → subir no Vimeo → site
240;The Brains and Brawn Company;0,2;1;1;❌ não está;❌;baixar → subir no Vimeo → site
241;Cibersegurança: como não ser alvo de ataques hackers ;0,2;1;1;❌ não está;❌;baixar → subir no Vimeo → site
242;Como ouvir e ser ouvido;0,2;1;1;❌ não está;❌;baixar → subir no Vimeo → site
243;Como Moderar Palestras, Painéis, Reuniões e Muito Mais;0,2;1;1;❌ não está;❌;baixar → subir no Vimeo → site
244;AI Superpowers China,Silicon Valley, and the New World Order;0,2;1;1;✅ completo;❌;subir no site
245;Histórias de Ninar para Gerentes;0,2;1;1;❌ não está;❌;baixar → subir no Vimeo → site
246;Bill Gates e o Metaverso;0,2;1;1;❌ não está;❌;baixar → subir no Vimeo → site
247;Projetando uma Empresa Melhor;0,2;1;1;❌ não está;❌;baixar → subir no Vimeo → site
248;This Is How They Tell Me the World Ends;0,2;1;1;❌ não está;❌;baixar → subir no Vimeo → site
249;Regras da Confiança;0,2;1;1;❌ não está;❌;baixar → subir no Vimeo → site
250;Economia Compartilhada;0,2;1;1;❌ não está;❌;baixar → subir no Vimeo → site
251;Predictive Analytics;0,2;1;1;❌ não está;❌;baixar → subir no Vimeo → site
252;The Overstory, de Richard Powers;0,2;1;1;❌ não está;❌;baixar → subir no Vimeo → site
253;Ágil do jeito certo;0,2;1;1;❌ não está;❌;baixar → subir no Vimeo → site
254;Marketing 4.0;0,2;1;1;❌ não está;❌;baixar → subir no Vimeo → site
255;Think Bigger;0,2;1;1;❌ não está;❌;baixar → subir no Vimeo → site
256;The Data Driven Leader;0,2;1;1;❌ não está;❌;baixar → subir no Vimeo → site
257;Empatia é sua Melhor Ferramenta Criativa;0,2;1;1;❌ não está;❌;baixar → subir no Vimeo → site
258;DeFi and the Future of Finance;0,2;1;1;❌ não está;❌;baixar → subir no Vimeo → site
259;Os Herdeiros - Os Estudantes e A Cultura;0,2;1;1;❌ não está;❌;baixar → subir no Vimeo → site
260;O que podemos aprender com as pessoas resilientes;0,2;1;1;❌ não está;❌;baixar → subir no Vimeo → site
261;How to do business with Americans, Canadians and Brits;0,2;1;1;⚠️ vídeo 00:00 (upload com problema?);❌;completar Vimeo → subir no site
262;O Líder Introvertido - Tire partido da sua força silenciosa;0,2;1;1;❌ não está;❌;baixar → subir no Vimeo → site
263;The Outsiders;0,2;1;1;❌ não está;❌;baixar → subir no Vimeo → site
264;Trabalhe em Equipe Onde Estiver;0,2;1;1;❌ não está;❌;baixar → subir no Vimeo → site
265;Big Data in Practice;0,2;1;1;✅ completo;❌;subir no site
266;A distinção: Crítica social do julgamento;0,2;1;1;❌ não está;❌;baixar → subir no Vimeo → site
267;Fast Times;0,2;1;1;❌ não está;❌;baixar → subir no Vimeo → site
268;Quem pensa enriquece: Edição oficial e original de 1937;0,2;1;1;❌ não está;❌;baixar → subir no Vimeo → site
269;Lições aprendidas em 19 anos de Metaverso;0,2;1;1;❌ não está;❌;baixar → subir no Vimeo → site
270;Um Guia Completo do Trabalho em Equipes Remotas;0,2;1;1;❌ não está;❌;baixar → subir no Vimeo → site
271;Os 5 Desafios das Equipes;0,1;1;1;❌ não está;❌;baixar → subir no Vimeo → site
272;Metaverso para iniciantes;0,1;1;1;❌ não está;❌;baixar → subir no Vimeo → site
273;O Poder dos Experimentos;0,1;1;1;❌ não está;❌;baixar → subir no Vimeo → site
274;As cartas de Warren Buffett;0,1;1;1;❌ não está;❌;baixar → subir no Vimeo → site
275;A Start Up Enxuta - Manual da Resistência Mental;0,1;1;1;❌ não está;❌;baixar → subir no Vimeo → site
276;Inovação + Igualdade Como criar um futuro melhor;0,1;1;1;❌ não está;❌;baixar → subir no Vimeo → site
277;Me Poupe!;0,1;1;1;❌ não está;❌;baixar → subir no Vimeo → site
278;Tecnologias Radicais;0,1;1;1;❌ não está;❌;baixar → subir no Vimeo → site
279;Behind Every Good Decision;0,1;1;1;❌ não está;❌;baixar → subir no Vimeo → site
280;Primeiros passos para anunciar no Facebook;0,1;1;1;❌ não está;❌;baixar → subir no Vimeo → site
281;Steve Jobs: A Biography by Walter Isaacson;0,1;1;1;❌ não está;❌;baixar → subir no Vimeo → site
282;Tráfego pago para iniciantes;0,1;1;1;❌ não está;❌;baixar → subir no Vimeo → site
283;Palavras nos Falham;0,1;1;1;❌ não está;❌;baixar → subir no Vimeo → site
284;Consistência Implacável;0,1;1;1;❌ não está;❌;baixar → subir no Vimeo → site
285;Integração é Essencial;0,1;1;1;❌ não está;❌;baixar → subir no Vimeo → site
286;Liderança de Algoritmo;0,1;1;1;❌ não está;❌;baixar → subir no Vimeo → site
287;Jardineiros e Não Mecânicos;0,1;1;1;❌ não está;❌;baixar → subir no Vimeo → site
288;Data Driven;0,1;1;1;❌ não está;❌;baixar → subir no Vimeo → site
289;Manual da Resistência Mental;0,1;1;1;❌ não está;❌;baixar → subir no Vimeo → site
290;Como entrar no mundo digital;0,1;1;1;❌ não está;❌;baixar → subir no Vimeo → site
291;O Imperativo da Ativação ;0,1;1;1;❌ não está;❌;baixar → subir no Vimeo → site
292;Rei Lear - William Shakespeare;0,1;1;1;❌ não está;❌;baixar → subir no Vimeo → site
293;O futuro do trabalho -  Fórum Econômico Mundial 2020;0,1;1;1;❌ não está;❌;baixar → subir no Vimeo → site
294;Como liderar com sucesso uma equipe remota;0,1;1;1;❌ não está;❌;baixar → subir no Vimeo → site
295;Segurança e Guerra Cibernética;0,1;1;1;❌ não está;❌;baixar → subir no Vimeo → site
296;Just Money Mission - Driven Banks and the Future of Finance;0,1;1;1;❌ não está;❌;baixar → subir no Vimeo → site
297;Gerenciando Pessoas;0,1;1;1;❌ não está;❌;baixar → subir no Vimeo → site
298;Pensamento de Risco - em um mundo incerto;0,1;1;1;❌ não está;❌;baixar → subir no Vimeo → site
299;O Fim do Poder;0,1;1;1;❌ não está;❌;baixar → subir no Vimeo → site
300;A Era do Capitalismo de Vigilância;0,1;1;1;❌ não está;❌;baixar → subir no Vimeo → site
301;Manual de T&D para a Era Digital;0,1;1;1;❌ não está;❌;baixar → subir no Vimeo → site
302;Feitas Para Durar: Práticas Bem-sucedidas de Empresas Vision;0,1;1;1;❌ não está;❌;baixar → subir no Vimeo → site
303;Avance no seu Próprio Caminho;0,1;1;1;❌ não está;❌;baixar → subir no Vimeo → site
304;A Economia das Trocas Simbólicas ;0,1;1;1;❌ não está;❌;baixar → subir no Vimeo → site
305;Seventeen Contradictions and the End of Capitalism;0,1;1;1;❌ não está;❌;baixar → subir no Vimeo → site
306;O Fator de Inversão ;0,1;1;1;❌ não está;❌;baixar → subir no Vimeo → site
307;Por que os Homens se Destacam no Trabalho;0,1;1;1;❌ não está;❌;baixar → subir no Vimeo → site
308;Merchants of Doubt - Comerciantes da Dúvida;0,1;1;1;❌ não está;❌;baixar → subir no Vimeo → site
309;A Riqueza da Vida Simples;0,1;1;1;❌ não está;❌;baixar → subir no Vimeo → site
310;Educação e emancipação;0,1;1;1;❌ não está;❌;baixar → subir no Vimeo → site
311;The Master Algorithm;0,1;1;1;❌ não está;❌;baixar → subir no Vimeo → site
312;Business Dô;0,1;1;1;⚠️ vídeo 00:00 (upload com problema?);❌;completar Vimeo → subir no site
313;Digital Zettelkasten: Principles, Methods & Examples;0,1;1;1;❌ não está;❌;baixar → subir no Vimeo → site
314;Vidas Danificadas;0,1;1;1;❌ não está;❌;baixar → subir no Vimeo → site
315;Lean Thinking;0,1;1;1;❌ não está;❌;baixar → subir no Vimeo → site
316;Losing My Virginity;0,1;1;1;❌ não está;❌;baixar → subir no Vimeo → site
317;O Poder do Líder Generoso;0,1;1;1;❌ não está;❌;baixar → subir no Vimeo → site
318;Os Lados Hard e Soft da Gestão de Mudanças;0,1;1;1;❌ não está;❌;baixar → subir no Vimeo → site
319;O Código do Estresse: Da sobrevivência à prosperidade;0,1;1;1;❌ não está;❌;baixar → subir no Vimeo → site
320;Blockchain Babel;0,1;1;1;❌ não está;❌;baixar → subir no Vimeo → site
321;O investidor inteligente;0,1;1;1;❌ não está;❌;baixar → subir no Vimeo → site
322;Só Garotos;0,1;1;1;❌ não está;❌;baixar → subir no Vimeo → site
323;Jack: Definitivo;0,1;1;1;❌ não está;❌;baixar → subir no Vimeo → site
324;11 Lições de Steve Jobs;0,1;1;1;❌ não está;❌;baixar → subir no Vimeo → site
325;5 lições que mostram porque Luiza Helena Trajano é  sucesso;0,1;1;1;❌ não está;❌;baixar → subir no Vimeo → site
326;Lucro Inteligente;0,1;1;1;❌ não está;❌;baixar → subir no Vimeo → site
327;Do Sonho à Realização em 4 Passos;0,1;1;1;❌ não está;❌;baixar → subir no Vimeo → site
328;Our Final Invention;0,1;1;1;❌ não está;❌;baixar → subir no Vimeo → site
329;DNA do Inovador - Dominando as 5 Habilidades dos Inovadores;0,1;1;1;❌ não está;❌;baixar → subir no Vimeo → site
330;Superestrategistas;0,1;1;1;❌ não está;❌;baixar → subir no Vimeo → site
331;Projetadas para a Transformação Digital;0,1;1;1;❌ não está;❌;baixar → subir no Vimeo → site
332;A Cura da Procrastinação;0,1;1;1;❌ não está;❌;baixar → subir no Vimeo → site
333;O metaverso pode ser a próxima oportunidade de trilhões;0,1;1;1;❌ não está;❌;baixar → subir no Vimeo → site
334;As Camadas do Metaverso;0,1;1;1;❌ não está;❌;baixar → subir no Vimeo → site
335;O Método Loop;0,1;1;1;❌ não está;❌;baixar → subir no Vimeo → site
336;Criatividade S.A.;0,1;1;1;❌ não está;❌;baixar → subir no Vimeo → site
337;Você, Eu e os Robôs;0,1;1;1;✅ completo;❌;subir no site
338;Transições Grandiosas;0,1;1;1;❌ não está;❌;baixar → subir no Vimeo → site
339;Sam Walton: Feito na América;0,1;1;1;❌ não está;❌;baixar → subir no Vimeo → site
340;O Mais Importante para o Investidor;0,1;1;1;❌ não está;❌;baixar → subir no Vimeo → site
341;Gerenciando, Realizando, Vivendo;0,1;1;1;❌ não está;❌;baixar → subir no Vimeo → site
342;The Cybersecurity Playbook - How Every Leader and Employee Can Contribute to a Culture of Security;0,1;1;1;❌ não está;❌;baixar → subir no Vimeo → site
343;A Economia do Propósito Maior;0,1;1;1;❌ não está;❌;baixar → subir no Vimeo → site
344;Os Ensaios de Warren Buffett;0,1;1;1;❌ não está;❌;baixar → subir no Vimeo → site
345;A corrosão do caráter;0,1;1;1;❌ não está;❌;baixar → subir no Vimeo → site
346;Como: Por que o Como Fazer Algo Significa Tudo;0,1;1;1;❌ não está;❌;baixar → subir no Vimeo → site
347;Virtual Facilitation;0,1;1;1;❌ não está;❌;baixar → subir no Vimeo → site
348;SUPER FOUNDERS;0,1;1;1;❌ não está;❌;baixar → subir no Vimeo → site
349;Testando Ideias de Negócios ;0,1;1;1;❌ não está;❌;baixar → subir no Vimeo → site
350;Marketing de Conteúdo;0,1;1;1;❌ não está;❌;baixar → subir no Vimeo → site
351;Crítica da razão pura;0,1;1;1;❌ não está;❌;baixar → subir no Vimeo → site
352;A Cultura Orientada ao Cliente: Uma História da Microsoft;0,1;1;1;❌ não está;❌;baixar → subir no Vimeo → site
353;The New Leadership Playbook for the Digital Age;0,1;1;1;❌ não está;❌;baixar → subir no Vimeo → site
354;Screw It, Let's Do It: Lessons In Life;0,1;1;1;❌ não está;❌;baixar → subir no Vimeo → site
355;Jogue com Ousadia;0,1;1;1;❌ não está;❌;baixar → subir no Vimeo → site
356;O Dilema da Inovação;0,1;1;1;❌ não está;❌;baixar → subir no Vimeo → site
357;À Prova de Rotatividade;0,1;1;1;❌ não está;❌;baixar → subir no Vimeo → site
358;Capacitação eficiente de vendas;0,1;1;1;❌ não está;❌;baixar → subir no Vimeo → site
359;Think Outside the Building;0,1;1;1;❌ não está;❌;baixar → subir no Vimeo → site
360;Desconstruindo o Mindset e Construindo Inovação;0,1;1;1;❌ não está;❌;baixar → subir no Vimeo → site
361;A Estrutura das Revoluções Científicas;0,1;1;1;❌ não está;❌;baixar → subir no Vimeo → site
362;O Futuro Será Humano?;0,1;1;1;❌ não está;❌;baixar → subir no Vimeo → site
363;Liderança Conectada;0,1;1;1;❌ não está;❌;baixar → subir no Vimeo → site
364;Life 3.0: Being Human in the Age of Artificial Intelligence;0,1;1;1;❌ não está;❌;baixar → subir no Vimeo → site
365;Melhores Aliados;0,1;1;1;❌ não está;❌;baixar → subir no Vimeo → site
366;Power Play: Tesla, Elon Musk, and the Bet of the Century;0,1;1;1;❌ não está;❌;baixar → subir no Vimeo → site
367;Bem-vindo à Gestão;0,1;1;1;❌ não está;❌;baixar → subir no Vimeo → site
368;Gatilhos Mentais - O Guia Completo ;0,1;1;1;❌ não está;❌;baixar → subir no Vimeo → site
369;Restoring the Soul of Business;0,1;1;1;❌ não está;❌;baixar → subir no Vimeo → site
370;Transformando a Gestão de Projetos;0,1;1;1;❌ não está;❌;baixar → subir no Vimeo → site
371;1440 Minutos - Uma conversa bem humorada sobre produtividade;0,1;1;1;❌ não está;❌;baixar → subir no Vimeo → site
372;Método Lifescale;0,1;1;1;❌ não está;❌;baixar → subir no Vimeo → site
373;Lance a Sua Carreira;0,1;1;1;❌ não está;❌;baixar → subir no Vimeo → site
374;O líder que supera os seus bloqueios;0,1;1;1;❌ não está;❌;baixar → subir no Vimeo → site
375;O Salto Quântico;0,1;1;1;❌ não está;❌;baixar → subir no Vimeo → site
376;Reimaginando a Colaboração - Slack, Microsoft Teams, Zoom;0,1;1;1;❌ não está;❌;baixar → subir no Vimeo → site
377;Tirania de Métricas;0,1;1;1;❌ não está;❌;baixar → subir no Vimeo → site
378;A Falácia da Tecnologia;0,1;1;1;❌ não está;❌;baixar → subir no Vimeo → site
379;Condução Digital;0,1;1;1;❌ não está;❌;baixar → subir no Vimeo → site
380;Flow;0,1;1;1;❌ não está;❌;baixar → subir no Vimeo → site
381;Os Anjos Bons da Nossa Natureza: Por que a violência diminui;0,1;1;1;❌ não está;❌;baixar → subir no Vimeo → site
382;Empresas Feitas Para Vencer;0,1;1;1;❌ não está;❌;baixar → subir no Vimeo → site
383;A Revolução do Aprendizado Profundo;0,1;1;1;✅ completo;❌;subir no site
384;O Capital;0,1;1;1;❌ não está;❌;baixar → subir no Vimeo → site
385;4.000 Semanas;0,1;1;1;❌ não está;❌;baixar → subir no Vimeo → site
386;Reimaginando a Humanidade;0,1;1;1;❌ não está;❌;baixar → subir no Vimeo → site
387;A Vantagem da Mentalidade Gig;0,1;1;1;❌ não está;❌;baixar → subir no Vimeo → site
388;Guia de Gestão e Liderança para a Geração do Milênio;0,1;1;1;❌ não está;❌;baixar → subir no Vimeo → site
389;Leading at a Distance;0,1;1;1;❌ não está;❌;baixar → subir no Vimeo → site
390;A Thousand Brains: A New Theory of Intelligence;0,1;1;1;✅ completo;❌;subir no site
391;Mapa para a Coragem;0,1;1;1;❌ não está;❌;baixar → subir no Vimeo → site
392;Confident Data Skills;0,1;1;1;❌ não está;❌;baixar → subir no Vimeo → site
393;Elon Musk: Como o CEO bilionário está moldando nosso futuro;0,1;1;1;❌ não está;❌;baixar → subir no Vimeo → site
394;The Successful Manager;0,1;1;1;❌ não está;❌;baixar → subir no Vimeo → site
395;Conversas de Desempenho;0,1;1;1;❌ não está;❌;baixar → subir no Vimeo → site
396;As cartas de Bezos -14 princípios para crescer como a Amazon;0,1;1;1;❌ não está;❌;baixar → subir no Vimeo → site
397;Estratégias Para Ser Visível;0,1;1;1;❌ não está;❌;baixar → subir no Vimeo → site
398;O Estrategista em Mídias Sociais;0,1;1;1;❌ não está;❌;baixar → subir no Vimeo → site
399;Comunicação Não Violenta;0,1;1;1;❌ não está;❌;baixar → subir no Vimeo → site
400;O Princípio Da Caixa-Preta;0,1;1;1;❌ não está;❌;baixar → subir no Vimeo → site
401;Autobiografia de um iogue;0,1;1;1;❌ não está;❌;baixar → subir no Vimeo → site
402;Invent and Wander;0,1;1;1;❌ não está;❌;baixar → subir no Vimeo → site
403;5 Fatores Indispensáveis para um Kickoff de Vendas Perfeito;0,1;1;1;❌ não está;❌;baixar → subir no Vimeo → site
404;The Blockchain and the New Architecture of Trust;0,1;1;1;❌ não está;❌;baixar → subir no Vimeo → site
405;Para Pensar Como Um Cientista de Foguetes;0,1;1;1;❌ não está;❌;baixar → subir no Vimeo → site
406;Marketing Disruptivo;0,1;1;1;❌ não está;❌;baixar → subir no Vimeo → site
407;A Zona Ressonante;0,1;1;1;❌ não está;❌;baixar → subir no Vimeo → site
408;Alavanque Sua Fibra;0,1;1;1;❌ não está;❌;baixar → subir no Vimeo → site
409;O Poder da Empatia;0,1;1;1;❌ não está;❌;baixar → subir no Vimeo → site
410;Extreme Economies ;0,1;1;1;❌ não está;❌;baixar → subir no Vimeo → site
411;Além da Cibersegurança - Protegendo o seu negócio digital;0,1;1;1;❌ não está;❌;baixar → subir no Vimeo → site
412;Remote Work - Redesign Processes, Practices and Strategies;0,1;1;1;❌ não está;❌;baixar → subir no Vimeo → site
413;Liderando Mudanças Críticas;0,1;1;1;❌ não está;❌;baixar → subir no Vimeo → site
414;Criando Inovadores;0,1;1;1;❌ não está;❌;baixar → subir no Vimeo → site
415;Consciência dos Dispositivos;0,1;1;1;❌ não está;❌;baixar → subir no Vimeo → site
416;Kings of Crypto;0,1;1;1;❌ não está;❌;baixar → subir no Vimeo → site
417;As 5 principais lições de inovação de Melinda e Bill Gates;0,1;1;1;❌ não está;❌;baixar → subir no Vimeo → site
418;O Drone do Bem;0,1;1;1;❌ não está;❌;baixar → subir no Vimeo → site
419;Narrativa e Números;0,1;1;1;❌ não está;❌;baixar → subir no Vimeo → site
420;Qual o Futuro da sua Profissão no Metaverso?;0,1;1;1;❌ não está;❌;baixar → subir no Vimeo → site
421;A Grande Redefinição: Liderança Focada no Ser Humano;0,1;1;1;❌ não está;❌;baixar → subir no Vimeo → site
422;A Empresa na Velocidade do Pensamento;0,1;1;1;❌ não está;❌;baixar → subir no Vimeo → site
423;Sonho Grande;0,1;1;1;❌ não está;❌;baixar → subir no Vimeo → site
424;10 dicas de Warren Buffett essenciais para o seu negócio;0,1;1;1;❌ não está;❌;baixar → subir no Vimeo → site
425;Metaverso para Iniciantes e Avançados: Uma Jornada Completa;0,1;1;1;❌ não está;❌;baixar → subir no Vimeo → site
426;Planejamento de Marca no Ambiente Digital;0,1;1;1;❌ não está;❌;baixar → subir no Vimeo → site
427;As Cinco Tentações de um Executivo;0,1;1;1;❌ não está;❌;baixar → subir no Vimeo → site
428;Be Here Now;0,1;1;1;❌ não está;❌;baixar → subir no Vimeo → site
429;Oprah Winfrey: a mulher que faz acontecer;0,1;1;1;❌ não está;❌;baixar → subir no Vimeo → site
430;Mulheres e Poder;0,1;1;1;❌ não está;❌;baixar → subir no Vimeo → site
431;Lead and Disrupt;0,1;1;1;❌ não está;❌;baixar → subir no Vimeo → site
432;Quebrando o Hábito do Silêncio;0,1;1;1;❌ não está;❌;baixar → subir no Vimeo → site
433;O Otimista Racional;0,1;1;1;❌ não está;❌;baixar → subir no Vimeo → site
434;Snow Crash;0,1;1;1;❌ não está;❌;baixar → subir no Vimeo → site
435;CEO Vigilante;0,1;1;1;❌ não está;❌;baixar → subir no Vimeo → site
436;Banking on It - How I Disrupted an Industry;0,1;1;1;❌ não está;❌;baixar → subir no Vimeo → site
437;Mudança de Mindset;0,1;1;1;❌ não está;❌;baixar → subir no Vimeo → site
438;Como a Mudança Populacional Irá Transformar o Nosso Mundo;0,1;1;1;❌ não está;❌;baixar → subir no Vimeo → site
439;Moral Machines: Teaching Robots Right from Wrong;0,1;1;1;❌ não está;❌;baixar → subir no Vimeo → site
440;Bitcoin, Currencies and Fragility;0,1;1;1;❌ não está;❌;baixar → subir no Vimeo → site
441;User Research;0,1;1;1;❌ não está;❌;baixar → subir no Vimeo → site
442;O Poder do Distanciamento Virtual;0,1;1;1;❌ não está;❌;baixar → subir no Vimeo → site
443;When More Is Not Better;0,1;1;1;❌ não está;❌;baixar → subir no Vimeo → site
444;First Principle;0,1;1;1;❌ não está;❌;baixar → subir no Vimeo → site
445;Marketing Digital na Prática;0,1;1;1;❌ não está;❌;baixar → subir no Vimeo → site
446;Toda Empresa Vai Ser uma Fintech;0,1;1;1;❌ não está;❌;baixar → subir no Vimeo → site
447;DeFi: The Hot New Crypto Trend Of 2020;0,1;1;1;❌ não está;❌;baixar → subir no Vimeo → site
448;O Livro de Soluções para o Gerente;0,1;1;1;❌ não está;❌;baixar → subir no Vimeo → site
449;Ética Sapien;0,1;1;1;❌ não está;❌;baixar → subir no Vimeo → site
450;Uma Breve História da Cripto Euforia;0,1;1;1;❌ não está;❌;baixar → subir no Vimeo → site
451;Data Fluency;0,1;1;1;❌ não está;❌;baixar → subir no Vimeo → site
452;Trabalho Sem Empregos;0,1;1;1;❌ não está;❌;baixar → subir no Vimeo → site
453;Bytes, Bombs and Spies - The Strategic Dimensions of Offensive Cyber Operations;0,1;1;1;❌ não está;❌;baixar → subir no Vimeo → site
454;A história de Mary Maxwell, mãe de Bill Gates e a Microsoft;0,1;1;1;❌ não está;❌;baixar → subir no Vimeo → site
455;Produção Lean Simplificada;0,1;1;1;❌ não está;❌;baixar → subir no Vimeo → site
456;11 HR Trends to Take into Account for 2021;0,1;1;1;❌ não está;❌;baixar → subir no Vimeo → site
457;A Reinvenção da Empresa;0,1;1;1;❌ não está;❌;baixar → subir no Vimeo → site
458;7 lições de sucesso que você pode aprender com Jeff Bezos;0,1;1;1;❌ não está;❌;baixar → subir no Vimeo → site
459;Steve Jobs’s Real Talent Wasn’t Design – It Was Seduction;0,1;1;1;❌ não está;❌;baixar → subir no Vimeo → site
460;Pai Rico, Pai Pobre;0,1;1;1;❌ não está;❌;baixar → subir no Vimeo → site
461;What if bitcoin went to zero?;0,1;1;1;❌ não está;❌;baixar → subir no Vimeo → site
462;Metaverso de 30 Minutos;0,1;1;1;❌ não está;❌;baixar → subir no Vimeo → site
463;As 15 grandes lições de Bill Gates;0,1;1;1;❌ não está;❌;baixar → subir no Vimeo → site
464;O Futuro do Bitcoin;0,1;1;1;❌ não está;❌;baixar → subir no Vimeo → site
465;Verifique seu Privilégio Financeiro;0,1;1;1;❌ não está;❌;baixar → subir no Vimeo → site
466;What are DAOs?;0,1;1;1;❌ não está;❌;baixar → subir no Vimeo → site
467;Ativos digitais, tecnologia de contabilidade e o futuro;0,1;1;1;❌ não está;❌;baixar → subir no Vimeo → site
468;A Incrível Logística dos Supermercados;0,1;1;1;❌ não está;❌;baixar → subir no Vimeo → site
469;Introdução;0,1;1;1;❌ não está;❌;baixar → subir no Vimeo → site
470;The Coming Currency War;0,1;1;1;❌ não está;❌;baixar → subir no Vimeo → site
471;Top 10 Tendências para o Ambiente de Trabalho em 2022;0,1;1;1;❌ não está;❌;baixar → subir no Vimeo → site
472;A Moeda da Confiança;0,1;1;1;❌ não está;❌;baixar → subir no Vimeo → site
473;Batendo o Relógio de Ponto;0,1;1;1;❌ não está;❌;baixar → subir no Vimeo → site
474;O maior recurso do Bitcoin também é sua ameaça existencial;0,1;1;1;❌ não está;❌;baixar → subir no Vimeo → site
475;Mentes Felizes;0,1;1;1;❌ não está;❌;baixar → subir no Vimeo → site
476;O Sucesso de Elon Musk;0,1;1;1;❌ não está;❌;baixar → subir no Vimeo → site
477;Os 14 Princípios da Organização do Futuro;0,1;1;1;❌ não está;❌;baixar → subir no Vimeo → site
478;Ensinando robôs da maneira errada;0,1;1;1;❌ não está;❌;baixar → subir no Vimeo → site
479;Want a Job? The AI Will See You Now;0,1;1;1;❌ não está;❌;baixar → subir no Vimeo → site
480;A visão de Bob Muglia sobre Bill Gates e Steve Ballmer;0,1;1;1;❌ não está;❌;baixar → subir no Vimeo → site
481;Warren Buffett: Sua trajetória e suas lições;0,1;1;1;❌ não está;❌;baixar → subir no Vimeo → site
482;5 Dicas para se destacar na gestão remota;0,1;1;1;❌ não está;❌;baixar → subir no Vimeo → site
483;Inovação em RH e o Futuro do Trabalho;0,1;1;1;❌ não está;❌;baixar → subir no Vimeo → site
484;Emoções: Fatos vs. Ficção;0,1;1;1;❌ não está;❌;baixar → subir no Vimeo → site
485;Construindo um Local de Trabalho Diversificado e Inclusivo;0,1;1;1;❌ não está;❌;baixar → subir no Vimeo → site
486;Custo Marginal Zero;0,1;1;1;❌ não está;❌;baixar → subir no Vimeo → site
