rank;curso;horas;aulas;modulos;GB;outros_nomes
1;Inteligência Artificial - Canis Minor Solum (Premium);30,22;83;12;26,85;
2;Excel 2019 - Módulo II (Premium);23,40;126;10;66,64;
3;Office 365 para Negócios: Domine a Produtividade (Premium);15,75;89;21;51,52;Office 365 para Negócios: Domine a Produtividade2
4;Excel 2019 - Gráficos e Dashboards (Premium);15,73;81;8;11,21;
5;Excel 2019 - Módulo I (Premium);14,84;81;13;54,25;
6;Método Python Pass - Aprenda Python com Projetos (Premium);11,93;108;11;44,25;
7;React - Direto ao Ponto (Premium);11,11;70;13;5,09;
8;Photoshop CC 2019 - Módulo I (Premium);10,04;49;17;10,14;Photoshop CC 2019 - Módulo I
9;Illustrator CC 2019 (Premium);9,10;47;12;6,97;Illustrator CC 2019
10;Scrum - Gestão e Desenvolvimento Ágil de Projetos;8,63;34;5;16,13;
11;SQL 2016: Construindo Sistemas de Banco de Dados Poderosos (Premium);7,81;31;30;3,96;
12;AutoCAD 2019 - Módulo I (Premium);7,44;59;12;20,56;
13;Data Science em Foco: Projetos que Impulsionam (Premium);7,00;71;10;9,23;
14;Power BI Desktop: Dominando Análise de Dados (Premium);6,76;21;8;3,88;
15;Domine o Inbound Marketing;5,41;25;8;4,84;
16;Photoshop CC 2019 - Módulo II (Premium);5,15;30;11;6,08;Photoshop CC 2019 - Módulo II
17;Fundamentos de Machine Learning na Prática (Premium);4,62;29;16;4,15;
18;PNL - Desvendando a Mente (Premium);4,56;19;7;9,77;
19;Marketing Digital para Ecommerce (Premium);3,54;50;6;4,20;
20;Mongo DB em Ação: Dominando a Prática (Premium);3,34;22;10;3,63;
21;Big Data com Hadoop - Fundamentos (Premium);3,10;19;5;3,68;
22;ETL na Prática - Como trabalhar com dados (Premium);2,62;15;7;1,93;ETL na Prática - Como trabalhar com dados
23;Global Business for Tech Entrepreneurs;2,50;13;3;2,86;
24;Negociação Produtiva (Premium);2,16;7;1;7,57;Negociação Produtiva
25;Global Business for Entrepreneurs;2,11;11;3;2,33;
26;Tik Tok Ads (Premium);1,94;16;1;8,82;
27;Data Warehouse Fundamentos e Implementação (Premium);1,88;12;1;1,69;
28;CBS - Community Building Strategies;1,67;10;9;8,05;
29;R: Explorando o Potencial da Análise de Dados (Premium);1,66;10;6;1,51;
30;Fundamentos de Liderança;1,64;8;1;3,84;
31;Introdução à Lógica de Programação (Premium);1,49;10;9;0,83;Introdução à Lógica de Programação
32;Home Officer - O profissional do agora;1,38;1;1;0,82;
33;7 Tendências para o Novo Mundo;1,23;10;1;4,68;
34;Estratégias de Carreira;1,23;6;1;5,94;
35;Reinventando a Carreira;1,23;6;1;6,00;
36;O que é Inteligência Artificial? (Premium);1,22;1;1;1,69;
37;IoT Desvendada: Fundamentos da Internet das Coisas;1,17;13;1;1,42;
38;Tendências Globais para Fintechs (Premium);1,15;5;1;5,62;
39;Instagram Autoral (Premium);1,14;8;1;5,56;Instagram Autoral
40;Brand Experience (Premium);0,86;3;1;1,41;
41;Game Dev - Introdução ao Mundo dos Games (Premium);0,85;4;1;4,07;Game Dev - Introdução ao Mundo dos Games
42;B.I. - Como transformar dados em realidade (Premium);0,81;9;1;4,16;B.I. - Como transformar dados em realidade
43;Apertando START no mundo dos games (Premium);0,81;4;1;7,38;Apertando START no mundo dos games
44;Planejamento Estratégico;0,81;6;1;3,87;
45;Mobile Economy;0,79;3;1;1,84;
46;Como criar um E-Commerce Global;0,79;4;1;0,69;
47;Vida e Morte das Organizações;0,76;5;1;6,70;
48;Contabilidade para não contadores;0,76;6;1;3,66;
49;Como criar uma marca global;0,75;5;1;0,81;
50;Game Design e Prototipagem para Boardgames (Premium);0,73;3;1;3,58;Game Design e Prototipagem para Boardgames
51;Double Diamond - Introdução ao UX Design (Premium);0,60;4;1;2,87;Double Diamond - Introdução ao UX Design | Double Diamond - Introdução ao UX Design2
52;Estratégias Aplicadas ao Empreendedorismo;0,55;4;1;2,66;
53;Ferramentas para aumentar sua produtividade (Premium);0,44;3;1;2,24;
54;Sociedade com Custo Marginal Zero;0,40;1;1;0,96;
55;Colocando a Coragem para Trabalhar;0,40;1;1;1,02;
56;Empreender como PJ: O Guia para a Liberdade Profissional;0,40;3;1;1,90;Empreender como PJ: O Guia para a Liberdade Profissional duplicado
57;A Guerra por Talentos;0,39;1;1;0,92;
58;Como Expatriar Funcionários;0,39;1;1;0,30;
59;Um guia para Iniciantes: O que é o Metaverso?;0,38;1;1;0,59;
60;A alma do dinheiro;0,37;1;1;0,65;
61;Inteligência Emocional;0,37;1;1;0,72;Inteligência Emocional - Game Designer | Inteligência Emocional - Marketing
62;Criatividade;0,36;1;1;0,72;
63;Arquétipos do Networking;0,36;3;1;0,74;
64;O Líder do Futuro;0,35;1;1;0,78;
65;O Caminho para a Reinvenção;0,35;1;1;0,66;
66;Mentalidade de Crescimento (Premium);0,35;1;1;0,67;
67;Preparando pessoas para a transformação;0,34;1;1;0,28;
68;Conceito: Homo Deus;0,34;1;1;0,64;
69;A Indústria de Ideias;0,34;1;1;0,77;
70;Neurociência da Educação;0,33;6;1;0,76;
71;Monetizando a Inovação;0,32;1;1;0,62;
72;Aspectos Legais da Internacionalização;0,32;2;1;0,40;
73;Liderança Aberta;0,32;1;1;0,55;
74;O Projeto Desfazer:A amizade que mudou nossa forma de pensar;0,32;1;1;0,80;
75;A Quarta Revolução Industrial;0,32;1;1;0,62;
76;O homem mais rico da Babilônia;0,31;1;1;0,80;
77;Habilidades do Futuro;0,31;1;1;0,37;
78;Dominando a arte de falar em público;0,31;1;1;0,25;Dominando a arte de falar em público - Game Designer | Dominando a arte de falar em público - Marketing | Dominando a arte de falar em público - Tecnologia
79;A Economia Global em 2030;0,31;1;1;0,54;
80;Pensamento Crítico;0,30;1;1;0,56;Pensamento Crítico - Game Designer | Pensamento Crítico - Marketing | Pensamento Crítico - Tecnologia
81;A Armadilha do Tempo;0,30;1;1;0,55;
82;O Futuro da Economia - As 12 Tendências;0,30;1;1;0,48;
83;Conceito: Sapiens - Uma breve história da humanidade;0,30;1;1;1,57;
84;Como Criar Apresentações Impactantes (Premium);0,29;1;1;0,47;
85;O Investidor de Bom Senso;0,29;1;1;0,54;
86;O Metaverso de Charlie Fink;0,29;1;1;0,40;
87;Humble Leadership - A liderança humilde;0,29;1;1;0,72;
88;Olhe Mais Além: Uma abordagem comprovada sobre inovação;0,29;1;1;0,44;
89;Desencadeando a Inovação e o Potencial Empreendedor;0,29;1;1;0,44;
90;Dez Tipos de Inovação;0,28;1;1;0,48;
91;Marketing Digital para Iniciantes (Premium);0,28;2;1;0,69;Marketing Digital para Iniciantes
92;Marketing na Era Digital;0,28;1;1;0,46;
93;A Hipótese do Inovador;0,28;1;1;0,48;
94;Pensamento Exponencial;0,28;4;1;0,58;
95;Lidere, Cuide, Vença - Como se tornar um líder relevante;0,28;1;1;0,50;
96;Liderança em Tempos de Crise;0,28;1;1;0,51;
97;Saída de Mestre;0,28;1;1;0,50;
98;A Mentalidade Criativa;0,28;1;1;0,62;
99;Um CEO Faz Apenas Três Coisas;0,28;1;1;0,58;
100;Adaptabilidade (Premium);0,28;1;1;0,52;Adaptabilidade | Adaptabilidade - Game Designer | Adaptabilidade - Marketing | Adaptabilidade - Tecnologia
101;Medicina e Biotecnologia;0,27;1;1;0,18;
102;A História Secreta da Criatividade;0,27;1;1;0,59;
103;O MBA da Vida Real;0,27;1;1;0,46;
104;Lifelong Learning - Aprendizado Contínuo;0,27;1;1;0,44;
105;O Futuro do Trabalho - Robôs, inteligência artificial;0,27;1;1;0,51;
106;A Economia do Bem e do Mal;0,27;1;1;0,59;
107;Obrigado pela Informação que Você Não Me Deu;0,27;1;1;0,50;
108;Mais do que Mulher-Maravilha... Mulher Real;0,27;1;1;0,51;
109;O Acaso Não Existe;0,27;1;1;0,68;
110;Tudo o Que Você Precisa Saber Sobre o Futuro do Trabalho;0,27;1;1;0,65;
111;A Arte da Liderança - Pequenas coisas, bem executadas;0,26;1;1;0,54;
112;As 17 Incontestáveis Leis do Trabalho em Equipe;0,26;1;1;0,49;
113;O que Fazer Quando as Máquinas Fazem Tudo;0,26;1;1;0,62;
114;Liderança Criativa;0,26;1;1;0,61;
115;Como Avaliar e Medir a Inovação nos Negócios;0,26;1;1;0,50;
116;Evolução dos Jogos e Gamificação (Premium);0,26;2;1;0,90;Evolução dos Jogos e Gamificação
117;De Zero a Um;0,26;1;1;0,38;
118;Como Consertar uma Fábrica;0,25;1;1;0,55;
119;Solução de Problemas Complexos (Premium);0,25;1;1;0,40;Solução de Problemas Complexos | Solução de Problemas Complexos - Game Designer | Solução de Problemas Complexos - Marketing | Solução de Problemas Complexos - Tecnologia
120;Comunicação;0,25;1;1;0,51;
121;A Vantagem da Curiosidade;0,25;1;1;0,60;
122;Tendências de Tecnologia do Future Today Institute - 2020;0,25;1;1;0,52;
123;First Principle;0,25;4;1;0,86;
124;Política do Futuro;0,25;1;1;0,53;
125;Instagram, WhatsApp e Facebook para Negócios;0,25;1;1;0,53;
126;A Psicologia do Dinheiro;0,24;1;1;0,48;
127;Aberto para Pensar;0,24;1;1;0,46;
128;Tráfego Pago: O Segredo do Lucro nas Redes Sociais;0,24;1;1;1,14;
129;A Liderança Inspirada pela Arte;0,24;1;1;0,37;
130;O Estilo Emocional do Cérebro;0,24;1;1;0,21;
131;FLAPS! Liderança Adaptágil;0,24;1;1;0,52;
132;A Lógica do Consumo;0,24;1;1;0,47;
133;Escute o que ela diz;0,24;1;1;0,37;
134;A Era Exponencial;0,24;1;1;0,57;
135;Equipes Globais;0,24;1;1;0,31;
136;Scrum para Leigos;0,24;1;1;0,49;
137;O Desafio da Cadeia de Suprimentos Digital;0,23;1;1;0,38;
138;2025, O Mundo Novo;0,23;1;1;0,19;
139;Criptoativos - O guia inovador do investidor;0,23;1;1;0,41;
140;Os Dilemas do Fundador;0,23;1;1;0,33;
141;Como criar uma política corporativa de viagens internacionais;0,23;1;1;0,11;
142;A Revolução do Trabalho Remoto;0,22;1;1;0,44;
143;Dito de Forma Simples;0,22;1;1;0,30;
144;A Arte de Escrever para a Web;0,22;1;1;0,48;
145;As 21 Indispensáveis Qualidades de um Líder;0,22;1;1;0,33;
146;O Maior Retorno do Líder;0,22;1;1;0,41;
147;A Tríade do Tempo;0,21;1;1;0,43;
148;Responsabilidade Social Corporativa Não é Relações Públicas;0,21;1;1;0,32;
149;Persuasão;0,21;1;1;0,43;
150;Reinventando as organizações;0,21;1;1;1,61;
151;Instagram Marketing;0,21;1;1;0,36;
152;Todos Devemos Ser Milionários;0,21;1;1;0,42;
153;What Are Your Blind Spots?;0,21;1;1;0,40;
154;Adapte-se: Resiliência;0,21;1;1;0,45;
155;Mapeando a Inovação;0,21;1;1;0,46;
156;Ética, Mídia e Comunicação;0,21;1;1;0,34;
157;Biomimética: Inovação Bioinspirada;0,20;1;1;0,33;
158;Superintelligence: Paths, Dangers, Strategies;0,20;1;1;0,38;
159;Gerindo Transições ;0,20;1;1;0,40;
160;Aprimore Suas Reuniões Virtuais;0,20;1;1;0,33;
161;Qual o futuro do dinheiro?;0,20;1;1;0,17;
162;Zen Mind, Beginner's Mind;0,20;1;1;0,39;
163;Trabalhe Melhor em Grupo;0,20;1;1;0,41;
164;Liderança Shakti;0,20;1;1;0,43;
165;A Solução para o Esgotamento;0,20;1;1;0,39;
166;A potência das Microtendências;0,20;1;1;0,39;
167;A Liderança Atenciosa;0,20;1;1;0,35;
168;Elon Musk: Vida e Empreendimentos;0,20;1;1;0,36;
169;O jeito correto de ganhar;0,20;1;1;0,35;
170;Os Níveis de Aprendizagem;0,20;1;1;0,50;
171;Uma terra prometida;0,20;1;1;0,35;
172;Fazendo a Inovação Acontecer;0,20;1;1;0,49;
173;Hackeando Darwin;0,19;1;1;0,37;
174;O Companheiro de Equipe a Longa Distância;0,19;1;1;0,39;
175;Os 7 Hábitos das Pessoas Altamente Eficazes;0,19;1;1;0,38;
176;Hábitos Simples para Tempos Complexos;0,19;1;1;0,37;
177;Soltando as Amarras;0,19;1;1;0,32;
178;A Quinta Disciplina;0,19;1;1;0,32;
179;Revolução do Talento;0,19;1;1;0,30;
180;5 Modos Entediantes de Se Tornar Mais Criativo;0,19;1;1;0,30;
181;Do bullying a Magnata: A trajetória de Elon Musk;0,19;1;1;0,41;
182;O C-Level do Futuro;0,19;1;1;0,31;
183;O Maior Bem que Podemos Fazer;0,19;1;1;0,37;
184;A Quietude é a chave;0,19;1;1;0,40;
185;A Sabedoria do Fracasso;0,19;1;1;0,40;
186;eLogistics - Logística para o E-commerce;0,19;1;1;0,37;
187;Howard Hughes: His Life and Madness;0,19;1;1;0,37;
188;21 Lições para o Século XXI;0,19;5;1;0,32;21 Lições para o Século XXI - Game Designer | 21 Lições para o Século XXI - Gestão Empresarial | 21 Lições para o Século XXI - Marketing | 21 Lições para o Século XXI - Tecnologia
189;O Propósito Transformador Massivo;0,19;1;1;0,34;
190;A Lei do Triunfo;0,19;1;1;0,39;
191;A armadilha dos conselhos;0,19;1;1;0,44;
192;Bora Bater Meta;0,19;1;1;0,29;
193;Regulatory sandbox: As leis e a inovação;0,18;1;1;0,16;
194;Excelência e Maestria;0,18;1;1;0,41;Excelência e Maestria - Game Designer | Excelência e Maestria - Gestão Empresarial | Excelência e Maestria - Marketing
195;7 Passos para ser um Líder de Vendas;0,18;1;1;0,29;
196;Preservando a Reputação;0,18;1;1;0,28;
197;Construindo Comunidades de Marca;0,18;1;1;0,29;
198;As 3 Leis do Desempenho;0,18;1;1;0,29;
199;Lean vs. Ágil vs. Design Thinking;0,18;1;1;0,33;
200;As Novas Competências de Liderança;0,18;1;1;0,36;
201;O Metaverso e como ele irá revolucionar tudo;0,18;1;1;0,28;
202;Metaverso por Mark Zuckerberg entrevista Gary Vaynerchuk;0,18;1;1;0,28;
203;As Regras Básicas de Warren Buffett;0,18;1;1;0,37;
204;The Black Swan;0,18;1;1;0,32;
205;Desafios da Primeira Gestão;0,18;1;1;0,35;
206;Equidade em Elevação;0,18;1;1;0,27;
207;O Príncipe;0,17;1;1;0,39;
208;International Team Management;0,17;1;1;0,18;
209;A sociedade contra o Estado;0,17;1;1;0,30;
210;O Fim do Marketing;0,17;1;1;0,11;
211;A Regra 10X;0,17;1;1;0,24;
212;O Metaverso da China;0,17;1;1;0,28;
213;How to create an International Sales Pitch;0,17;1;1;0,20;
214;The Everything Store: Jeff Bezos and the Age of Amazon;0,17;1;1;0,32;
215;Aprofundando os Níveis de Aprendizagem;0,17;1;1;0,40;
216;A Cabeça de Steve Jobs;0,17;1;1;0,33;
217;O Almanaque de Naval Ravikant ;0,17;1;1;0,32;
218;IF THEN: Como a Simulmatics Corporation Inventou O Futuro;0,17;1;1;0,30;
219;O Coach Excelente;0,17;1;1;0,34;
220;O Líder de Longa Distância;0,17;1;1;0,22;
221;O Condutor do Carro Autônomo;0,17;1;1;0,36;
222;Under a White Sky: The Nature of the Future;0,17;1;1;0,32;
223;Ao Vivo de Cupertino;0,17;1;1;0,31;
224;A Comunicação do Líder;0,17;1;1;0,35;
225;Lights Out:Pride, Delusion, and the Fall of General Electric;0,17;1;1;0,29;
226;1984;0,17;1;1;0,27;
227;Security Analysis;0,16;1;1;0,30;
228;21 lições para o Século XXI;0,16;1;1;0,28;
229;Design para um Futuro Mais Justo;0,16;1;1;0,32;
230;Agilidade Emocional (Premium);0,16;2;1;0,34;Agilidade Emocional | Agilidade Emocional - Gestão Empresarial | Agilidade Emocional - Marketing | Agilidade Emocional - Tecnologia
231;Teoria e Prática de Relações Públicas;0,16;1;1;0,30;
232;Simplesmente Gerenciar ;0,16;1;1;0,28;
233;Anticarreira;0,16;1;1;0,26;
234;Ask Your Developer - Pergunte ao Seu Desenvolvedor;0,16;1;1;0,26;
235;SuperApps;0,16;1;1;0,10;
236;Os 4 Estágios da Segurança Psicológica;0,16;1;1;0,26;
237;5% Mais;0,16;1;1;0,29;
238;Memos from the Chairman;0,16;1;1;0,25;
239;Execução: A Disciplina Para Atingir Resultados;0,16;1;1;0,24;
240;The Brains and Brawn Company;0,16;1;1;0,29;
241;Cibersegurança: como não ser alvo de ataques hackers ;0,16;1;1;0,29;
242;Como ouvir e ser ouvido;0,16;1;1;0,29;Como ouvir e ser ouvido - Game Designer | Como ouvir e ser ouvido - Marketing | Como ouvir e ser ouvido - Tecnologia
243;Como Moderar Palestras, Painéis, Reuniões e Muito Mais;0,16;1;1;0,23;
244;AI Superpowers China,Silicon Valley, and the New World Order;0,16;1;1;0,23;
245;Histórias de Ninar para Gerentes;0,16;1;1;0,32;
246;Bill Gates e o Metaverso;0,16;1;1;0,28;
247;Projetando uma Empresa Melhor;0,16;1;1;0,27;
248;This Is How They Tell Me the World Ends;0,16;1;1;0,29;
249;Regras da Confiança;0,16;1;1;0,28;
250;Economia Compartilhada;0,16;1;1;0,12;
251;Predictive Analytics;0,15;1;1;0,29;
252;The Overstory, de Richard Powers;0,15;1;1;0,26;
253;Ágil do jeito certo;0,15;1;1;0,25;
254;Marketing 4.0;0,15;1;1;0,24;
255;Think Bigger;0,15;1;1;0,36;
256;The Data Driven Leader;0,15;1;1;0,36;
257;Empatia é sua Melhor Ferramenta Criativa;0,15;1;1;0,29;
258;DeFi and the Future of Finance;0,15;1;1;0,30;
259;Os Herdeiros - Os Estudantes e A Cultura;0,15;1;1;0,27;
260;O que podemos aprender com as pessoas resilientes;0,15;1;1;0,25;
261;How to do business with Americans, Canadians and Brits;0,15;1;1;0,10;
262;O Líder Introvertido - Tire partido da sua força silenciosa;0,15;1;1;0,28;
263;The Outsiders;0,15;1;1;0,27;
264;Trabalhe em Equipe Onde Estiver;0,15;1;1;0,25;
265;Big Data in Practice;0,15;1;1;0,34;
266;A distinção: Crítica social do julgamento;0,15;1;1;0,25;
267;Fast Times;0,15;1;1;0,29;
268;Quem pensa enriquece: Edição oficial e original de 1937;0,15;1;1;0,25;
269;Lições aprendidas em 19 anos de Metaverso;0,15;1;1;0,29;
270;Um Guia Completo do Trabalho em Equipes Remotas;0,15;1;1;0,27;
271;Os 5 Desafios das Equipes;0,15;1;1;0,30;
272;Metaverso para iniciantes;0,15;1;1;0,23;
273;O Poder dos Experimentos;0,15;1;1;0,30;
274;As cartas de Warren Buffett;0,15;1;1;0,21;
275;A Start Up Enxuta - Manual da Resistência Mental;0,15;1;1;0,26;
276;Inovação + Igualdade Como criar um futuro melhor;0,15;1;1;0,28;
277;Me Poupe!;0,15;1;1;0,22;
278;Tecnologias Radicais;0,15;1;1;0,33;
279;Behind Every Good Decision;0,15;1;1;0,27;
280;Primeiros passos para anunciar no Facebook;0,15;1;1;0,59;
281;Steve Jobs: A Biography by Walter Isaacson;0,15;1;1;0,26;
282;Tráfego pago para iniciantes;0,15;1;1;0,22;
283;Palavras nos Falham;0,15;1;1;0,33;
284;Consistência Implacável;0,15;1;1;0,31;
285;Integração é Essencial;0,15;1;1;0,28;
286;Liderança de Algoritmo;0,15;1;1;0,27;
287;Jardineiros e Não Mecânicos;0,15;1;1;0,26;
288;Data Driven;0,15;1;1;0,33;
289;Manual da Resistência Mental;0,15;1;1;0,23;
290;Como entrar no mundo digital;0,15;1;1;0,24;
291;O Imperativo da Ativação ;0,15;1;1;0,22;
292;Rei Lear - William Shakespeare;0,14;1;1;0,24;
293;O futuro do trabalho -  Fórum Econômico Mundial 2020;0,14;1;1;0,21;
294;Como liderar com sucesso uma equipe remota;0,14;1;1;0,21;
295;Segurança e Guerra Cibernética;0,14;1;1;0,26;
296;Just Money Mission - Driven Banks and the Future of Finance;0,14;1;1;0,23;
297;Gerenciando Pessoas;0,14;1;1;0,23;
298;Pensamento de Risco - em um mundo incerto;0,14;1;1;0,26;
299;O Fim do Poder;0,14;1;1;0,25;
300;A Era do Capitalismo de Vigilância;0,14;1;1;0,29;
301;Manual de T&D para a Era Digital;0,14;1;1;0,29;
302;Feitas Para Durar: Práticas Bem-sucedidas de Empresas Vision;0,14;1;1;0,26;
303;Avance no seu Próprio Caminho;0,14;1;1;0,24;
304;A Economia das Trocas Simbólicas ;0,14;1;1;0,28;
305;Seventeen Contradictions and the End of Capitalism;0,14;1;1;0,27;
306;O Fator de Inversão ;0,14;1;1;0,32;
307;Por que os Homens se Destacam no Trabalho;0,14;1;1;0,29;
308;Merchants of Doubt - Comerciantes da Dúvida;0,14;1;1;0,27;
309;A Riqueza da Vida Simples;0,14;1;1;0,24;
310;Educação e emancipação;0,14;1;1;0,04;
311;The Master Algorithm;0,14;1;1;0,23;
312;Business Dô;0,14;1;1;0,24;
313;Digital Zettelkasten: Principles, Methods & Examples;0,14;1;1;0,23;
314;Vidas Danificadas;0,14;1;1;0,26;
315;Lean Thinking;0,14;1;1;0,26;
316;Losing My Virginity;0,14;1;1;0,23;
317;O Poder do Líder Generoso;0,14;1;1;0,30;
318;Os Lados Hard e Soft da Gestão de Mudanças;0,14;1;1;0,29;
319;O Código do Estresse: Da sobrevivência à prosperidade;0,14;1;1;0,28;
320;Blockchain Babel;0,14;1;1;0,27;
321;O investidor inteligente;0,14;1;1;0,23;
322;Só Garotos;0,14;1;1;0,27;
323;Jack: Definitivo;0,14;1;1;0,25;
324;11 Lições de Steve Jobs;0,14;1;1;0,24;
325;5 lições que mostram porque Luiza Helena Trajano é  sucesso;0,14;1;1;0,27;
326;Lucro Inteligente;0,14;1;1;0,29;
327;Do Sonho à Realização em 4 Passos;0,14;1;1;0,22;
328;Our Final Invention;0,14;1;1;0,25;
329;DNA do Inovador - Dominando as 5 Habilidades dos Inovadores;0,14;1;1;0,22;
330;Superestrategistas;0,14;1;1;0,21;
331;Projetadas para a Transformação Digital;0,14;1;1;0,25;
332;A Cura da Procrastinação;0,14;1;1;0,29;A Cura da Procrastinação - Game Designer | A Cura da Procrastinação - Marketing | A Cura da Procrastinação - Tecnologia
333;O metaverso pode ser a próxima oportunidade de trilhões;0,14;1;1;0,27;
334;As Camadas do Metaverso;0,14;1;1;0,22;
335;O Método Loop;0,14;1;1;0,18;
336;Criatividade S.A.;0,14;1;1;0,23;Criatividade S.A. - Game Designer | Criatividade S.A. - Marketing | Criatividade S.A. - Tecnologia
337;Você, Eu e os Robôs;0,14;1;1;0,21;
338;Transições Grandiosas;0,14;1;1;0,29;
339;Sam Walton: Feito na América;0,14;1;1;0,26;
340;O Mais Importante para o Investidor;0,14;1;1;0,24;
341;Gerenciando, Realizando, Vivendo;0,14;1;1;0,30;
342;The Cybersecurity Playbook - How Every Leader and Employee Can Contribute to a Culture of Security;0,14;1;1;0,24;
343;A Economia do Propósito Maior;0,14;1;1;0,28;
344;Os Ensaios de Warren Buffett;0,14;1;1;0,26;
345;A corrosão do caráter;0,14;1;1;0,23;
346;Como: Por que o Como Fazer Algo Significa Tudo;0,14;1;1;0,27;
347;Virtual Facilitation;0,14;1;1;0,24;
348;SUPER FOUNDERS;0,14;1;1;0,21;
349;Testando Ideias de Negócios ;0,14;1;1;0,21;
350;Marketing de Conteúdo;0,13;1;1;0,28;
351;Crítica da razão pura;0,13;1;1;0,25;
352;A Cultura Orientada ao Cliente: Uma História da Microsoft;0,13;1;1;0,21;
353;The New Leadership Playbook for the Digital Age;0,13;1;1;0,25;
354;Screw It, Let's Do It: Lessons In Life;0,13;1;1;0,21;
355;Jogue com Ousadia;0,13;1;1;0,22;
356;O Dilema da Inovação;0,13;1;1;0,24;
357;À Prova de Rotatividade;0,13;1;1;0,22;
358;Capacitação eficiente de vendas;0,13;1;1;0,27;
359;Think Outside the Building;0,13;1;1;0,23;
360;Desconstruindo o Mindset e Construindo Inovação;0,13;1;1;0,26;
361;A Estrutura das Revoluções Científicas;0,13;1;1;0,22;
362;O Futuro Será Humano?;0,13;1;1;0,21;
363;Liderança Conectada;0,13;1;1;0,24;
364;Life 3.0: Being Human in the Age of Artificial Intelligence;0,13;1;1;0,24;
365;Melhores Aliados;0,13;1;1;0,20;
366;Power Play: Tesla, Elon Musk, and the Bet of the Century;0,13;1;1;0,22;
367;Bem-vindo à Gestão;0,13;1;1;0,21;
368;Gatilhos Mentais - O Guia Completo ;0,13;1;1;0,30;
369;Restoring the Soul of Business;0,13;1;1;0,26;
370;Transformando a Gestão de Projetos;0,13;1;1;0,23;
371;1440 Minutos - Uma conversa bem humorada sobre produtividade;0,13;1;1;0,21;
372;Método Lifescale;0,13;1;1;0,27;
373;Lance a Sua Carreira;0,13;1;1;0,26;
374;O líder que supera os seus bloqueios;0,13;1;1;0,21;
375;O Salto Quântico;0,13;1;1;0,28;
376;Reimaginando a Colaboração - Slack, Microsoft Teams, Zoom;0,13;1;1;0,26;
377;Tirania de Métricas;0,13;1;1;0,25;
378;A Falácia da Tecnologia;0,13;1;1;0,26;
379;Condução Digital;0,13;1;1;0,23;
380;Flow;0,13;1;1;0,97;
381;Os Anjos Bons da Nossa Natureza: Por que a violência diminui;0,13;1;1;0,23;
382;Empresas Feitas Para Vencer;0,13;1;1;0,22;
383;A Revolução do Aprendizado Profundo;0,13;1;1;0,21;
384;O Capital;0,13;1;1;0,23;
385;4.000 Semanas;0,13;1;1;0,26;
386;Reimaginando a Humanidade;0,13;1;1;0,24;
387;A Vantagem da Mentalidade Gig;0,13;1;1;0,28;
388;Guia de Gestão e Liderança para a Geração do Milênio;0,13;1;1;0,23;
389;Leading at a Distance;0,13;1;1;0,21;
390;A Thousand Brains: A New Theory of Intelligence;0,13;1;1;0,25;
391;Mapa para a Coragem;0,13;1;1;0,24;
392;Confident Data Skills;0,13;1;1;0,29;
393;Elon Musk: Como o CEO bilionário está moldando nosso futuro;0,13;1;1;0,23;
394;The Successful Manager;0,13;1;1;0,26;
395;Conversas de Desempenho;0,13;1;1;0,22;
396;As cartas de Bezos -14 princípios para crescer como a Amazon;0,12;1;1;0,26;
397;Estratégias Para Ser Visível;0,12;1;1;0,18;
398;O Estrategista em Mídias Sociais;0,12;1;1;0,21;
399;Comunicação Não Violenta;0,12;1;1;0,27;
400;O Princípio Da Caixa-Preta;0,12;1;1;0,22;
401;Autobiografia de um iogue;0,12;1;1;0,21;
402;Invent and Wander;0,12;1;1;0,26;
403;5 Fatores Indispensáveis para um Kickoff de Vendas Perfeito;0,12;1;1;0,22;
404;The Blockchain and the New Architecture of Trust;0,12;1;1;0,21;
405;Para Pensar Como Um Cientista de Foguetes;0,12;1;1;0,26;
406;Marketing Disruptivo;0,12;1;1;0,24;
407;A Zona Ressonante;0,12;1;1;0,20;
408;Alavanque Sua Fibra;0,12;1;1;0,26;
409;O Poder da Empatia;0,12;1;1;0,24;
410;Extreme Economies ;0,12;1;1;0,23;
411;Além da Cibersegurança - Protegendo o seu negócio digital;0,12;1;1;0,18;
412;Remote Work - Redesign Processes, Practices and Strategies;0,12;1;1;0,27;
413;Liderando Mudanças Críticas;0,12;1;1;0,23;
414;Criando Inovadores;0,12;1;1;0,25;
415;Consciência dos Dispositivos;0,12;1;1;0,25;
416;Kings of Crypto;0,12;1;1;0,23;
417;As 5 principais lições de inovação de Melinda e Bill Gates;0,12;1;1;0,21;
418;O Drone do Bem;0,12;1;1;0,25;
419;Narrativa e Números;0,12;1;1;0,25;
420;Qual o Futuro da sua Profissão no Metaverso?;0,12;1;1;0,20;
421;A Grande Redefinição: Liderança Focada no Ser Humano;0,12;1;1;0,24;
422;A Empresa na Velocidade do Pensamento;0,12;1;1;0,23;
423;Sonho Grande;0,12;1;1;0,20;
424;10 dicas de Warren Buffett essenciais para o seu negócio;0,12;1;1;0,19;
425;Metaverso para Iniciantes e Avançados: Uma Jornada Completa;0,12;1;1;0,21;
426;Planejamento de Marca no Ambiente Digital;0,12;1;1;0,20;
427;As Cinco Tentações de um Executivo;0,12;1;1;0,18;
428;Be Here Now;0,12;1;1;0,21;
429;Oprah Winfrey: a mulher que faz acontecer;0,12;1;1;0,24;
430;Mulheres e Poder;0,12;1;1;0,24;
431;Lead and Disrupt;0,12;1;1;0,18;
432;Quebrando o Hábito do Silêncio;0,12;1;1;0,21;
433;O Otimista Racional;0,12;1;1;0,20;
434;Snow Crash;0,11;1;1;0,21;
435;CEO Vigilante;0,11;1;1;0,19;
436;Banking on It - How I Disrupted an Industry;0,11;1;1;0,18;
437;Mudança de Mindset;0,11;1;1;0,20;
438;Como a Mudança Populacional Irá Transformar o Nosso Mundo;0,11;1;1;0,22;
439;Moral Machines: Teaching Robots Right from Wrong;0,11;1;1;0,17;
440;Bitcoin, Currencies and Fragility;0,11;1;1;0,25;
441;User Research;0,11;1;1;0,25;
442;O Poder do Distanciamento Virtual;0,11;1;1;0,23;
443;When More Is Not Better;0,11;1;1;0,20;
444;First Principle;0,11;1;1;0,03;
445;Marketing Digital na Prática;0,11;1;1;0,18;
446;Toda Empresa Vai Ser uma Fintech;0,11;1;1;0,26;
447;DeFi: The Hot New Crypto Trend Of 2020;0,11;1;1;0,19;
448;O Livro de Soluções para o Gerente;0,11;1;1;0,22;
449;Ética Sapien;0,11;1;1;0,25;
450;Uma Breve História da Cripto Euforia;0,11;1;1;0,18;
451;Data Fluency;0,11;1;1;0,23;
452;Trabalho Sem Empregos;0,11;1;1;0,19;
453;Bytes, Bombs and Spies - The Strategic Dimensions of Offensive Cyber Operations;0,11;1;1;0,19;
454;A história de Mary Maxwell, mãe de Bill Gates e a Microsoft;0,11;1;1;0,22;
455;Produção Lean Simplificada;0,11;1;1;0,21;
456;11 HR Trends to Take into Account for 2021;0,11;1;1;0,23;
457;A Reinvenção da Empresa;0,11;1;1;0,16;
458;7 lições de sucesso que você pode aprender com Jeff Bezos;0,11;1;1;0,19;
459;Steve Jobs’s Real Talent Wasn’t Design – It Was Seduction;0,11;1;1;0,23;
460;Pai Rico, Pai Pobre;0,10;1;1;0,17;
461;What if bitcoin went to zero?;0,10;1;1;0,20;
462;Metaverso de 30 Minutos;0,10;1;1;0,21;
463;As 15 grandes lições de Bill Gates;0,10;1;1;0,18;
464;O Futuro do Bitcoin;0,10;1;1;0,24;
465;Verifique seu Privilégio Financeiro;0,10;1;1;0,16;
466;What are DAOs?;0,10;1;1;0,23;
467;Ativos digitais, tecnologia de contabilidade e o futuro;0,10;1;1;0,24;
468;A Incrível Logística dos Supermercados;0,10;1;1;0,21;
469;Introdução;0,10;1;1;0,16;
470;The Coming Currency War;0,10;1;1;0,24;
471;Top 10 Tendências para o Ambiente de Trabalho em 2022;0,10;1;1;0,20;
472;A Moeda da Confiança;0,10;1;1;0,18;
473;Batendo o Relógio de Ponto;0,09;1;1;0,18;
474;O maior recurso do Bitcoin também é sua ameaça existencial;0,09;1;1;0,18;
475;Mentes Felizes;0,09;1;1;0,20;
476;O Sucesso de Elon Musk;0,09;1;1;0,15;
477;Os 14 Princípios da Organização do Futuro;0,09;1;1;0,19;
478;Ensinando robôs da maneira errada;0,09;1;1;0,14;
479;Want a Job? The AI Will See You Now;0,09;1;1;0,16;
480;A visão de Bob Muglia sobre Bill Gates e Steve Ballmer;0,09;1;1;0,16;
481;Warren Buffett: Sua trajetória e suas lições;0,09;1;1;0,18;
482;5 Dicas para se destacar na gestão remota;0,08;1;1;0,17;
483;Inovação em RH e o Futuro do Trabalho;0,08;1;1;0,16;
484;Emoções: Fatos vs. Ficção;0,08;1;1;0,15;
485;Construindo um Local de Trabalho Diversificado e Inclusivo;0,08;1;1;0,13;
486;Custo Marginal Zero;0,07;1;1;0,13;
