#;curso;carga_horaria;horas;aulas;modulos;GB;outros_nomes
1;Inteligência Artificial - Canis Minor Solum (Premium);30h13;30,22;83;12;26,85;
2;Excel 2019 - Módulo II (Premium);23h24;23,40;126;10;66,64;
3;Office 365 para Negócios: Domine a Produtividade2;15h45;15,75;89;21;51,52;Office 365 para Negócios: Domine a Produtividade (Premium)
4;Excel 2019 - Gráficos e Dashboards (Premium);15h44;15,73;81;8;11,21;
5;Excel 2019 - Módulo I (Premium);14h50;14,84;81;13;54,25;
6;Excel 2019 - Módulo 1;14h19;14,31;78;12;52,31;Excel 2019 - Módulo I -INATIVO
7;Método Python Pass - Aprenda Python com Projetos (Premium);11h56;11,93;108;11;44,25;
8;React - Direto ao Ponto (Premium);11h07;11,11;70;13;5,09;
9;Photoshop CC 2019 - Módulo I;10h03;10,04;49;17;10,14;Photoshop CC 2019 - Módulo I (Premium)
10;Illustrator CC 2019;9h06;9,10;47;12;6,97;Illustrator CC 2019 (Premium)
11;Scrum - Gestão e Desenvolvimento Ágil de Projetos;8h38;8,63;34;5;16,13;
12;SQL 2016: Construindo Sistemas de Banco de Dados Poderosos (Premium);7h49;7,81;31;30;3,96;
13;AutoCAD 2019 - Módulo I (Premium);7h27;7,44;59;12;20,56;
14;Data Science em Foco: Projetos que Impulsionam (Premium);7h00;7,00;71;10;9,23;
15;Power BI Desktop: Dominando Análise de Dados (Premium);6h46;6,76;21;8;3,88;
16;Domine o Inbound Marketing;5h25;5,41;25;8;4,84;
17;Photoshop CC 2019 - Módulo II;5h09;5,15;30;11;6,08;Photoshop CC 2019 - Módulo II (Premium)
18;Fundamentos de Machine Learning na Prática (Premium);4h37;4,62;29;16;4,15;
19;PNL - Desvendando a Mente (Premium);4h34;4,56;19;7;9,77;
20;Marketing Digital para Ecommerce (Premium);3h32;3,54;50;6;4,20;
21;Mongo DB em Ação: Dominando a Prática (Premium);3h21;3,34;22;10;3,63;
22;Big Data com Hadoop - Fundamentos (Premium);3h06;3,10;19;5;3,68;
23;ETL na Prática - Como trabalhar com dados;2h37;2,62;15;7;1,93;ETL na Prática - Como trabalhar com dados (Premium)
24;Global Business for Tech Entrepreneurs;2h30;2,50;13;3;2,86;
25;Negociação Produtiva;2h09;2,16;7;1;7,57;Negociação Produtiva (Premium)
26;Global Business for Entrepreneurs;2h07;2,11;11;3;2,33;
27;Tik Tok Ads (Premium);1h56;1,94;16;1;8,82;
28;Data Warehouse Fundamentos e Implementação (Premium);1h53;1,88;12;1;1,69;
29;CBS - Community Building Strategies;1h40;1,67;10;9;8,05;
30;R: Explorando o Potencial da Análise de Dados (Premium);1h40;1,66;10;6;1,51;
31;Fundamentos de Liderança;1h38;1,64;8;1;3,84;
32;Introdução à Lógica de Programação;1h29;1,49;10;9;0,83;Introdução à Lógica de Programação (Premium)
33;Home Officer - O profissional do agora;1h23;1,38;1;1;0,82;
34;7 Tendências para o Novo Mundo;1h14;1,23;10;1;4,68;
35;Estratégias de Carreira;1h14;1,23;6;1;5,94;
36;Reinventando a Carreira;1h14;1,23;6;1;6,00;
37;O que é Inteligência Artificial? (Premium);1h13;1,22;1;1;1,69;
38;IoT Desvendada: Fundamentos da Internet das Coisas;1h10;1,17;13;1;1,42;
39;Tendências Globais para Fintechs (Premium);1h09;1,15;5;1;5,62;
40;Instagram Autoral;1h08;1,14;8;1;5,56;Instagram Autoral (Premium)
41;Brand Experience (Premium);0h51;0,86;3;1;1,41;
42;Game Dev - Introdução ao Mundo dos Games;0h51;0,85;4;1;4,07;Game Dev - Introdução ao Mundo dos Games (Premium)
43;B.I. - Como transformar dados em realidade;0h49;0,81;9;1;4,16;B.I. - Como transformar dados em realidade (Premium)
44;Apertando START no mundo dos games;0h49;0,81;4;1;7,38;Apertando START no mundo dos games (Premium)
45;Planejamento Estratégico;0h49;0,81;6;1;3,87;
46;Mobile Economy;0h47;0,79;3;1;1,84;
47;Como criar um E-Commerce Global;0h47;0,79;4;1;0,69;
48;Vida e Morte das Organizações;0h46;0,76;5;1;6,70;
49;Contabilidade para não contadores;0h45;0,76;6;1;3,66;
50;Como criar uma marca global;0h45;0,75;5;1;0,81;
51;Game Design e Prototipagem para Boardgames;0h44;0,73;3;1;3,58;Game Design e Prototipagem para Boardgames (Premium)
52;Double Diamond - Introdução ao UX Design;0h36;0,60;4;1;2,87;Double Diamond - Introdução ao UX Design (Premium) | Double Diamond - Introdução ao UX Design2
53;Estratégias Aplicadas ao Empreendedorismo;0h33;0,55;4;1;2,66;
54;Ferramentas para aumentar sua produtividade (Premium);0h26;0,44;3;1;2,24;
55;Sociedade com Custo Marginal Zero;0h24;0,40;1;1;0,96;
56;Colocando a Coragem para Trabalhar;0h24;0,40;1;1;1,02;
57;Empreender como PJ: O Guia para a Liberdade Profissional;0h24;0,40;3;1;1,90;Empreender como PJ: O Guia para a Liberdade Profissional duplicado
58;A Guerra por Talentos;0h23;0,39;1;1;0,92;
59;Como Expatriar Funcionários;0h23;0,39;1;1;0,30;
60;Um guia para Iniciantes: O que é o Metaverso?;0h23;0,38;1;1;0,59;
61;A alma do dinheiro;0h22;0,37;1;1;0,65;
62;Inteligência Emocional;0h22;0,37;1;1;0,72;Inteligência Emocional - Game Designer | Inteligência Emocional - Marketing
63;Criatividade;0h22;0,36;1;1;0,72;
64;Arquétipos do Networking;0h22;0,36;3;1;0,74;
65;O Líder do Futuro;0h21;0,35;1;1;0,78;
66;O Caminho para a Reinvenção;0h21;0,35;1;1;0,66;
67;Mentalidade de Crescimento (Premium);0h21;0,35;1;1;0,67;
68;Preparando pessoas para a transformação;0h21;0,34;1;1;0,28;
69;Conceito: Homo Deus;0h20;0,34;1;1;0,64;
70;A Indústria de Ideias;0h20;0,34;1;1;0,77;
71;Neurociência da Educação;0h20;0,33;6;1;0,76;
72;Monetizando a Inovação;0h19;0,32;1;1;0,62;
73;Aspectos Legais da Internacionalização;0h19;0,32;2;1;0,40;
74;Liderança Aberta;0h19;0,32;1;1;0,55;
75;O Projeto Desfazer:A amizade que mudou nossa forma de pensar;0h19;0,32;1;1;0,80;
76;A Quarta Revolução Industrial;0h19;0,32;1;1;0,62;
77;O homem mais rico da Babilônia;0h19;0,31;1;1;0,80;
78;Habilidades do Futuro;0h19;0,31;1;1;0,37;
79;Dominando a arte de falar em público;0h19;0,31;1;1;0,25;Dominando a arte de falar em público - Game Designer | Dominando a arte de falar em público - Marketing | Dominando a arte de falar em público - Tecnologia
80;A Economia Global em 2030;0h18;0,31;1;1;0,54;
81;Pensamento Crítico;0h18;0,30;1;1;0,56;Pensamento Crítico - Game Designer | Pensamento Crítico - Marketing | Pensamento Crítico - Tecnologia
82;A Armadilha do Tempo;0h18;0,30;1;1;0,55;
83;O Futuro da Economia - As 12 Tendências;0h18;0,30;1;1;0,48;
84;Conceito: Sapiens - Uma breve história da humanidade;0h18;0,30;1;1;1,57;
85;Como Criar Apresentações Impactantes (Premium);0h18;0,29;1;1;0,47;
86;O Investidor de Bom Senso;0h17;0,29;1;1;0,54;
87;O Metaverso de Charlie Fink;0h17;0,29;1;1;0,40;
88;Humble Leadership - A liderança humilde;0h17;0,29;1;1;0,72;
89;Olhe Mais Além: Uma abordagem comprovada sobre inovação;0h17;0,29;1;1;0,44;
90;Desencadeando a Inovação e o Potencial Empreendedor;0h17;0,29;1;1;0,44;
91;Dez Tipos de Inovação;0h17;0,28;1;1;0,48;
92;Marketing Digital para Iniciantes;0h17;0,28;2;1;0,69;Marketing Digital para Iniciantes (Premium)
93;Marketing na Era Digital;0h17;0,28;1;1;0,46;
94;A Hipótese do Inovador;0h17;0,28;1;1;0,48;
95;Pensamento Exponencial;0h17;0,28;4;1;0,58;
96;Lidere, Cuide, Vença - Como se tornar um líder relevante;0h17;0,28;1;1;0,50;
97;Liderança em Tempos de Crise;0h17;0,28;1;1;0,51;
98;Saída de Mestre;0h17;0,28;1;1;0,50;
99;A Mentalidade Criativa;0h17;0,28;1;1;0,62;
100;Um CEO Faz Apenas Três Coisas;0h17;0,28;1;1;0,58;
101;Adaptabilidade;0h17;0,28;1;1;0,52;Adaptabilidade (Premium) | Adaptabilidade - Game Designer | Adaptabilidade - Marketing | Adaptabilidade - Tecnologia
102;Medicina e Biotecnologia;0h16;0,27;1;1;0,18;
103;A História Secreta da Criatividade;0h16;0,27;1;1;0,59;
104;O MBA da Vida Real;0h16;0,27;1;1;0,46;
105;Lifelong Learning - Aprendizado Contínuo;0h16;0,27;1;1;0,44;
106;O Futuro do Trabalho - Robôs, inteligência artificial;0h16;0,27;1;1;0,51;
107;A Economia do Bem e do Mal;0h16;0,27;1;1;0,59;
108;Obrigado pela Informação que Você Não Me Deu;0h16;0,27;1;1;0,50;
109;Mais do que Mulher-Maravilha... Mulher Real;0h16;0,27;1;1;0,51;
110;O Acaso Não Existe;0h16;0,27;1;1;0,68;
111;Tudo o Que Você Precisa Saber Sobre o Futuro do Trabalho;0h16;0,27;1;1;0,65;
112;A Arte da Liderança - Pequenas coisas, bem executadas;0h16;0,26;1;1;0,54;
113;As 17 Incontestáveis Leis do Trabalho em Equipe;0h16;0,26;1;1;0,49;
114;O que Fazer Quando as Máquinas Fazem Tudo;0h16;0,26;1;1;0,62;
115;Liderança Criativa;0h16;0,26;1;1;0,61;
116;Como Avaliar e Medir a Inovação nos Negócios;0h16;0,26;1;1;0,50;
117;Evolução dos Jogos e Gamificação;0h15;0,26;2;1;0,90;Evolução dos Jogos e Gamificação (Premium)
118;De Zero a Um;0h15;0,26;1;1;0,38;
119;Como Consertar uma Fábrica;0h15;0,25;1;1;0,55;
120;Solução de Problemas Complexos;0h15;0,25;1;1;0,40;Solução de Problemas Complexos (Premium) | Solução de Problemas Complexos - Game Designer | Solução de Problemas Complexos - Marketing | Solução de Problemas Complexos - Tecnologia
121;Comunicação;0h15;0,25;1;1;0,51;
122;A Vantagem da Curiosidade;0h15;0,25;1;1;0,60;
123;Tendências de Tecnologia do Future Today Institute - 2020;0h15;0,25;1;1;0,52;
124;First Principle;0h15;0,25;4;1;0,86;
125;Política do Futuro;0h15;0,25;1;1;0,53;
126;Instagram, WhatsApp e Facebook para Negócios;0h15;0,25;1;1;0,53;
127;A Psicologia do Dinheiro;0h15;0,24;1;1;0,48;
128;Aberto para Pensar;0h15;0,24;1;1;0,46;
129;Tráfego Pago: O Segredo do Lucro nas Redes Sociais;0h15;0,24;1;1;1,14;
130;A Liderança Inspirada pela Arte;0h15;0,24;1;1;0,37;
131;O Estilo Emocional do Cérebro;0h15;0,24;1;1;0,21;
132;FLAPS! Liderança Adaptágil;0h15;0,24;1;1;0,52;
133;A Lógica do Consumo;0h14;0,24;1;1;0,47;
134;Escute o que ela diz;0h14;0,24;1;1;0,37;
135;A Era Exponencial;0h14;0,24;1;1;0,57;
136;Equipes Globais;0h14;0,24;1;1;0,31;
137;Scrum para Leigos;0h14;0,24;1;1;0,49;
138;O Desafio da Cadeia de Suprimentos Digital;0h14;0,23;1;1;0,38;
139;2025, O Mundo Novo;0h14;0,23;1;1;0,19;
140;Criptoativos - O guia inovador do investidor;0h14;0,23;1;1;0,41;
141;Os Dilemas do Fundador;0h14;0,23;1;1;0,33;
142;Como criar uma política corporativa de viagens internacionais;0h14;0,23;1;1;0,11;
143;A Revolução do Trabalho Remoto;0h13;0,22;1;1;0,44;
144;Dito de Forma Simples;0h13;0,22;1;1;0,30;
145;A Arte de Escrever para a Web;0h13;0,22;1;1;0,48;
146;As 21 Indispensáveis Qualidades de um Líder;0h13;0,22;1;1;0,33;
147;O Maior Retorno do Líder;0h13;0,22;1;1;0,41;
148;A Tríade do Tempo;0h13;0,21;1;1;0,43;
149;Responsabilidade Social Corporativa Não é Relações Públicas;0h13;0,21;1;1;0,32;
150;Persuasão;0h13;0,21;1;1;0,43;
151;Reinventando as organizações;0h13;0,21;1;1;1,61;
152;Instagram Marketing;0h13;0,21;1;1;0,36;
153;Todos Devemos Ser Milionários;0h13;0,21;1;1;0,42;
154;What Are Your Blind Spots?;0h13;0,21;1;1;0,40;
155;Adapte-se: Resiliência;0h13;0,21;1;1;0,45;
156;Mapeando a Inovação;0h12;0,21;1;1;0,46;
157;Ética, Mídia e Comunicação;0h12;0,21;1;1;0,34;
158;Biomimética: Inovação Bioinspirada;0h12;0,20;1;1;0,33;
159;Superintelligence: Paths, Dangers, Strategies;0h12;0,20;1;1;0,38;
160;Gerindo Transições ;0h12;0,20;1;1;0,40;
161;Aprimore Suas Reuniões Virtuais;0h12;0,20;1;1;0,33;
162;Qual o futuro do dinheiro?;0h12;0,20;1;1;0,17;
163;Zen Mind, Beginner's Mind;0h12;0,20;1;1;0,39;
164;Trabalhe Melhor em Grupo;0h12;0,20;1;1;0,41;
165;Liderança Shakti;0h12;0,20;1;1;0,43;
166;A Solução para o Esgotamento;0h12;0,20;1;1;0,39;
167;A potência das Microtendências;0h12;0,20;1;1;0,39;
168;A Liderança Atenciosa;0h12;0,20;1;1;0,35;
169;Elon Musk: Vida e Empreendimentos;0h12;0,20;1;1;0,36;
170;O jeito correto de ganhar;0h12;0,20;1;1;0,35;
171;Os Níveis de Aprendizagem;0h12;0,20;1;1;0,50;
172;Uma terra prometida;0h12;0,20;1;1;0,35;
173;Fazendo a Inovação Acontecer;0h12;0,20;1;1;0,49;
174;Hackeando Darwin;0h12;0,19;1;1;0,37;
175;O Companheiro de Equipe a Longa Distância;0h12;0,19;1;1;0,39;
176;Os 7 Hábitos das Pessoas Altamente Eficazes;0h12;0,19;1;1;0,38;
177;Hábitos Simples para Tempos Complexos;0h12;0,19;1;1;0,37;
178;Soltando as Amarras;0h12;0,19;1;1;0,32;
179;A Quinta Disciplina;0h12;0,19;1;1;0,32;
180;Revolução do Talento;0h12;0,19;1;1;0,30;
181;5 Modos Entediantes de Se Tornar Mais Criativo;0h12;0,19;1;1;0,30;
182;Do bullying a Magnata: A trajetória de Elon Musk;0h11;0,19;1;1;0,41;
183;O C-Level do Futuro;0h11;0,19;1;1;0,31;
184;O Maior Bem que Podemos Fazer;0h11;0,19;1;1;0,37;
185;A Quietude é a chave;0h11;0,19;1;1;0,40;
186;A Sabedoria do Fracasso;0h11;0,19;1;1;0,40;
187;eLogistics - Logística para o E-commerce;0h11;0,19;1;1;0,37;
188;Howard Hughes: His Life and Madness;0h11;0,19;1;1;0,37;
189;21 Lições para o Século XXI;0h11;0,19;5;1;0,32;21 Lições para o Século XXI - Game Designer | 21 Lições para o Século XXI - Gestão Empresarial | 21 Lições para o Século XXI - Marketing | 21 Lições para o Século XXI - Tecnologia
190;O Propósito Transformador Massivo;0h11;0,19;1;1;0,34;
191;A Lei do Triunfo;0h11;0,19;1;1;0,39;
192;A armadilha dos conselhos;0h11;0,19;1;1;0,44;
193;Bora Bater Meta;0h11;0,19;1;1;0,29;
194;Regulatory sandbox: As leis e a inovação;0h11;0,18;1;1;0,16;
195;Excelência e Maestria;0h11;0,18;1;1;0,41;Excelência e Maestria - Game Designer | Excelência e Maestria - Gestão Empresarial | Excelência e Maestria - Marketing
196;7 Passos para ser um Líder de Vendas;0h11;0,18;1;1;0,29;
197;Preservando a Reputação;0h11;0,18;1;1;0,28;
198;Construindo Comunidades de Marca;0h11;0,18;1;1;0,29;
199;As 3 Leis do Desempenho;0h11;0,18;1;1;0,29;
200;Lean vs. Ágil vs. Design Thinking;0h11;0,18;1;1;0,33;
201;As Novas Competências de Liderança;0h11;0,18;1;1;0,36;
202;O Metaverso e como ele irá revolucionar tudo;0h11;0,18;1;1;0,28;
203;Metaverso por Mark Zuckerberg entrevista Gary Vaynerchuk;0h11;0,18;1;1;0,28;
204;As Regras Básicas de Warren Buffett;0h11;0,18;1;1;0,37;
205;The Black Swan;0h11;0,18;1;1;0,32;
206;Desafios da Primeira Gestão;0h11;0,18;1;1;0,35;
207;Equidade em Elevação;0h11;0,18;1;1;0,27;
208;O Príncipe;0h10;0,17;1;1;0,39;
209;International Team Management;0h10;0,17;1;1;0,18;
210;A sociedade contra o Estado;0h10;0,17;1;1;0,30;
211;O Fim do Marketing;0h10;0,17;1;1;0,11;
212;A Regra 10X;0h10;0,17;1;1;0,24;
213;O Metaverso da China;0h10;0,17;1;1;0,28;
214;How to create an International Sales Pitch;0h10;0,17;1;1;0,20;
215;The Everything Store: Jeff Bezos and the Age of Amazon;0h10;0,17;1;1;0,32;
216;Aprofundando os Níveis de Aprendizagem;0h10;0,17;1;1;0,40;
217;A Cabeça de Steve Jobs;0h10;0,17;1;1;0,33;
218;O Almanaque de Naval Ravikant ;0h10;0,17;1;1;0,32;
219;IF THEN: Como a Simulmatics Corporation Inventou O Futuro;0h10;0,17;1;1;0,30;
220;O Coach Excelente;0h10;0,17;1;1;0,34;
221;O Líder de Longa Distância;0h10;0,17;1;1;0,22;
222;O Condutor do Carro Autônomo;0h10;0,17;1;1;0,36;
223;Under a White Sky: The Nature of the Future;0h10;0,17;1;1;0,32;
224;Ao Vivo de Cupertino;0h10;0,17;1;1;0,31;
225;A Comunicação do Líder;0h10;0,17;1;1;0,35;
226;Lights Out:Pride, Delusion, and the Fall of General Electric;0h10;0,17;1;1;0,29;
227;1984;0h10;0,17;1;1;0,27;
228;Security Analysis;0h10;0,16;1;1;0,30;
229;21 lições para o Século XXI;0h10;0,16;1;1;0,28;
230;Design para um Futuro Mais Justo;0h10;0,16;1;1;0,32;
231;Agilidade Emocional;0h10;0,16;2;1;0,34;Agilidade Emocional (Premium) | Agilidade Emocional - Gestão Empresarial | Agilidade Emocional - Marketing | Agilidade Emocional - Tecnologia
232;Teoria e Prática de Relações Públicas;0h10;0,16;1;1;0,30;
233;Simplesmente Gerenciar ;0h10;0,16;1;1;0,28;
234;Anticarreira;0h10;0,16;1;1;0,26;
235;Ask Your Developer - Pergunte ao Seu Desenvolvedor;0h10;0,16;1;1;0,26;
236;SuperApps;0h10;0,16;1;1;0,10;
237;Os 4 Estágios da Segurança Psicológica;0h10;0,16;1;1;0,26;
238;5% Mais;0h10;0,16;1;1;0,29;
239;Memos from the Chairman;0h09;0,16;1;1;0,25;
240;Execução: A Disciplina Para Atingir Resultados;0h09;0,16;1;1;0,24;
241;The Brains and Brawn Company;0h09;0,16;1;1;0,29;
242;Cibersegurança: como não ser alvo de ataques hackers ;0h09;0,16;1;1;0,29;
243;Como ouvir e ser ouvido;0h09;0,16;1;1;0,29;Como ouvir e ser ouvido - Game Designer | Como ouvir e ser ouvido - Marketing | Como ouvir e ser ouvido - Tecnologia
244;Como Moderar Palestras, Painéis, Reuniões e Muito Mais;0h09;0,16;1;1;0,23;
245;AI Superpowers China,Silicon Valley, and the New World Order;0h09;0,16;1;1;0,23;
246;Histórias de Ninar para Gerentes;0h09;0,16;1;1;0,32;
247;Bill Gates e o Metaverso;0h09;0,16;1;1;0,28;
248;Projetando uma Empresa Melhor;0h09;0,16;1;1;0,27;
249;This Is How They Tell Me the World Ends;0h09;0,16;1;1;0,29;
250;Regras da Confiança;0h09;0,16;1;1;0,28;
251;Economia Compartilhada;0h09;0,16;1;1;0,12;
252;Predictive Analytics;0h09;0,15;1;1;0,29;
253;The Overstory, de Richard Powers;0h09;0,15;1;1;0,26;
254;Ágil do jeito certo;0h09;0,15;1;1;0,25;
255;Marketing 4.0;0h09;0,15;1;1;0,24;
256;Think Bigger;0h09;0,15;1;1;0,36;
257;The Data Driven Leader;0h09;0,15;1;1;0,36;
258;Empatia é sua Melhor Ferramenta Criativa;0h09;0,15;1;1;0,29;
259;DeFi and the Future of Finance;0h09;0,15;1;1;0,30;
260;Os Herdeiros - Os Estudantes e A Cultura;0h09;0,15;1;1;0,27;
261;O que podemos aprender com as pessoas resilientes;0h09;0,15;1;1;0,25;
262;How to do business with Americans, Canadians and Brits;0h09;0,15;1;1;0,10;
263;O Líder Introvertido - Tire partido da sua força silenciosa;0h09;0,15;1;1;0,28;
264;The Outsiders;0h09;0,15;1;1;0,27;
265;Trabalhe em Equipe Onde Estiver;0h09;0,15;1;1;0,25;
266;Big Data in Practice;0h09;0,15;1;1;0,34;
267;A distinção: Crítica social do julgamento;0h09;0,15;1;1;0,25;
268;Fast Times;0h09;0,15;1;1;0,29;
269;Quem pensa enriquece: Edição oficial e original de 1937;0h09;0,15;1;1;0,25;
270;Lições aprendidas em 19 anos de Metaverso;0h09;0,15;1;1;0,29;
271;Um Guia Completo do Trabalho em Equipes Remotas;0h09;0,15;1;1;0,27;
272;Os 5 Desafios das Equipes;0h09;0,15;1;1;0,30;
273;Metaverso para iniciantes;0h09;0,15;1;1;0,23;
274;O Poder dos Experimentos;0h09;0,15;1;1;0,30;
275;As cartas de Warren Buffett;0h09;0,15;1;1;0,21;
276;A Start Up Enxuta - Manual da Resistência Mental;0h09;0,15;1;1;0,26;
277;Inovação + Igualdade Como criar um futuro melhor;0h09;0,15;1;1;0,28;
278;Me Poupe!;0h09;0,15;1;1;0,22;
279;Tecnologias Radicais;0h09;0,15;1;1;0,33;
280;Behind Every Good Decision;0h09;0,15;1;1;0,27;
281;Primeiros passos para anunciar no Facebook;0h09;0,15;1;1;0,59;
282;Steve Jobs: A Biography by Walter Isaacson;0h09;0,15;1;1;0,26;
283;Tráfego pago para iniciantes;0h09;0,15;1;1;0,22;
284;Palavras nos Falham;0h09;0,15;1;1;0,33;
285;Consistência Implacável;0h09;0,15;1;1;0,31;
286;Integração é Essencial;0h09;0,15;1;1;0,28;
287;Liderança de Algoritmo;0h09;0,15;1;1;0,27;
288;Jardineiros e Não Mecânicos;0h09;0,15;1;1;0,26;
289;Data Driven;0h09;0,15;1;1;0,33;
290;Manual da Resistência Mental;0h09;0,15;1;1;0,23;
291;Como entrar no mundo digital;0h09;0,15;1;1;0,24;
292;O Imperativo da Ativação ;0h09;0,15;1;1;0,22;
293;Rei Lear - William Shakespeare;0h09;0,14;1;1;0,24;
294;O futuro do trabalho -  Fórum Econômico Mundial 2020;0h09;0,14;1;1;0,21;
295;Como liderar com sucesso uma equipe remota;0h09;0,14;1;1;0,21;
296;Segurança e Guerra Cibernética;0h09;0,14;1;1;0,26;
297;Just Money Mission - Driven Banks and the Future of Finance;0h09;0,14;1;1;0,23;
298;Gerenciando Pessoas;0h09;0,14;1;1;0,23;
299;Pensamento de Risco - em um mundo incerto;0h09;0,14;1;1;0,26;
300;O Fim do Poder;0h09;0,14;1;1;0,25;
301;A Era do Capitalismo de Vigilância;0h09;0,14;1;1;0,29;
302;Manual de T&D para a Era Digital;0h09;0,14;1;1;0,29;
303;Feitas Para Durar: Práticas Bem-sucedidas de Empresas Vision;0h09;0,14;1;1;0,26;
304;Avance no seu Próprio Caminho;0h09;0,14;1;1;0,24;
305;A Economia das Trocas Simbólicas ;0h09;0,14;1;1;0,28;
306;Seventeen Contradictions and the End of Capitalism;0h09;0,14;1;1;0,27;
307;O Fator de Inversão ;0h09;0,14;1;1;0,32;
308;Por que os Homens se Destacam no Trabalho;0h09;0,14;1;1;0,29;
309;Merchants of Doubt - Comerciantes da Dúvida;0h09;0,14;1;1;0,27;
310;A Riqueza da Vida Simples;0h09;0,14;1;1;0,24;
311;Educação e emancipação;0h08;0,14;1;1;0,04;
312;The Master Algorithm;0h08;0,14;1;1;0,23;
313;Business Dô;0h08;0,14;1;1;0,24;
314;Digital Zettelkasten: Principles, Methods & Examples;0h08;0,14;1;1;0,23;
315;Vidas Danificadas;0h08;0,14;1;1;0,26;
316;Lean Thinking;0h08;0,14;1;1;0,26;
317;Losing My Virginity;0h08;0,14;1;1;0,23;
318;O Poder do Líder Generoso;0h08;0,14;1;1;0,30;
319;Os Lados Hard e Soft da Gestão de Mudanças;0h08;0,14;1;1;0,29;
320;O Código do Estresse: Da sobrevivência à prosperidade;0h08;0,14;1;1;0,28;
321;Blockchain Babel;0h08;0,14;1;1;0,27;
322;O investidor inteligente;0h08;0,14;1;1;0,23;
323;Só Garotos;0h08;0,14;1;1;0,27;
324;Jack: Definitivo;0h08;0,14;1;1;0,25;
325;11 Lições de Steve Jobs;0h08;0,14;1;1;0,24;
326;5 lições que mostram porque Luiza Helena Trajano é  sucesso;0h08;0,14;1;1;0,27;
327;Lucro Inteligente;0h08;0,14;1;1;0,29;
328;Do Sonho à Realização em 4 Passos;0h08;0,14;1;1;0,22;
329;Our Final Invention;0h08;0,14;1;1;0,25;
330;DNA do Inovador - Dominando as 5 Habilidades dos Inovadores;0h08;0,14;1;1;0,22;
331;Superestrategistas;0h08;0,14;1;1;0,21;
332;Projetadas para a Transformação Digital;0h08;0,14;1;1;0,25;
333;A Cura da Procrastinação;0h08;0,14;1;1;0,29;A Cura da Procrastinação - Game Designer | A Cura da Procrastinação - Marketing | A Cura da Procrastinação - Tecnologia
334;O metaverso pode ser a próxima oportunidade de trilhões;0h08;0,14;1;1;0,27;
335;As Camadas do Metaverso;0h08;0,14;1;1;0,22;
336;O Método Loop;0h08;0,14;1;1;0,18;
337;Criatividade S.A.;0h08;0,14;1;1;0,23;Criatividade S.A. - Game Designer | Criatividade S.A. - Marketing | Criatividade S.A. - Tecnologia
338;Você, Eu e os Robôs;0h08;0,14;1;1;0,21;
339;Transições Grandiosas;0h08;0,14;1;1;0,29;
340;Sam Walton: Feito na América;0h08;0,14;1;1;0,26;
341;O Mais Importante para o Investidor;0h08;0,14;1;1;0,24;
342;Gerenciando, Realizando, Vivendo;0h08;0,14;1;1;0,30;
343;The Cybersecurity Playbook - How Every Leader and Employee Can Contribute to a Culture of Security;0h08;0,14;1;1;0,24;
344;A Economia do Propósito Maior;0h08;0,14;1;1;0,28;
345;Os Ensaios de Warren Buffett;0h08;0,14;1;1;0,26;
346;A corrosão do caráter;0h08;0,14;1;1;0,23;
347;Como: Por que o Como Fazer Algo Significa Tudo;0h08;0,14;1;1;0,27;
348;Virtual Facilitation;0h08;0,14;1;1;0,24;
349;SUPER FOUNDERS;0h08;0,14;1;1;0,21;
350;Testando Ideias de Negócios ;0h08;0,14;1;1;0,21;
351;Marketing de Conteúdo;0h08;0,13;1;1;0,28;
352;Crítica da razão pura;0h08;0,13;1;1;0,25;
353;A Cultura Orientada ao Cliente: Uma História da Microsoft;0h08;0,13;1;1;0,21;
354;The New Leadership Playbook for the Digital Age;0h08;0,13;1;1;0,25;
355;Screw It, Let's Do It: Lessons In Life;0h08;0,13;1;1;0,21;
356;Jogue com Ousadia;0h08;0,13;1;1;0,22;
357;O Dilema da Inovação;0h08;0,13;1;1;0,24;
358;À Prova de Rotatividade;0h08;0,13;1;1;0,22;
359;Capacitação eficiente de vendas;0h08;0,13;1;1;0,27;
360;Think Outside the Building;0h08;0,13;1;1;0,23;
361;Desconstruindo o Mindset e Construindo Inovação;0h08;0,13;1;1;0,26;
362;A Estrutura das Revoluções Científicas;0h08;0,13;1;1;0,22;
363;O Futuro Será Humano?;0h08;0,13;1;1;0,21;
364;Liderança Conectada;0h08;0,13;1;1;0,24;
365;Life 3.0: Being Human in the Age of Artificial Intelligence;0h08;0,13;1;1;0,24;
366;Melhores Aliados;0h08;0,13;1;1;0,20;
367;Power Play: Tesla, Elon Musk, and the Bet of the Century;0h08;0,13;1;1;0,22;
368;Bem-vindo à Gestão;0h08;0,13;1;1;0,21;
369;Gatilhos Mentais - O Guia Completo ;0h08;0,13;1;1;0,30;
370;Restoring the Soul of Business;0h08;0,13;1;1;0,26;
371;Transformando a Gestão de Projetos;0h08;0,13;1;1;0,23;
372;1440 Minutos - Uma conversa bem humorada sobre produtividade;0h08;0,13;1;1;0,21;
373;Método Lifescale;0h08;0,13;1;1;0,27;
374;Lance a Sua Carreira;0h08;0,13;1;1;0,26;
375;O líder que supera os seus bloqueios;0h08;0,13;1;1;0,21;
376;O Salto Quântico;0h08;0,13;1;1;0,28;
377;Reimaginando a Colaboração - Slack, Microsoft Teams, Zoom;0h08;0,13;1;1;0,26;
378;Tirania de Métricas;0h08;0,13;1;1;0,25;
379;A Falácia da Tecnologia;0h08;0,13;1;1;0,26;
380;Condução Digital;0h08;0,13;1;1;0,23;
381;Flow;0h08;0,13;1;1;0,97;
382;Os Anjos Bons da Nossa Natureza: Por que a violência diminui;0h08;0,13;1;1;0,23;
383;Empresas Feitas Para Vencer;0h08;0,13;1;1;0,22;
384;A Revolução do Aprendizado Profundo;0h08;0,13;1;1;0,21;
385;O Capital;0h08;0,13;1;1;0,23;
386;4.000 Semanas;0h08;0,13;1;1;0,26;
387;Reimaginando a Humanidade;0h08;0,13;1;1;0,24;
388;A Vantagem da Mentalidade Gig;0h08;0,13;1;1;0,28;
389;Guia de Gestão e Liderança para a Geração do Milênio;0h08;0,13;1;1;0,23;
390;Leading at a Distance;0h08;0,13;1;1;0,21;
391;A Thousand Brains: A New Theory of Intelligence;0h08;0,13;1;1;0,25;
392;Mapa para a Coragem;0h08;0,13;1;1;0,24;
393;Confident Data Skills;0h08;0,13;1;1;0,29;
394;Elon Musk: Como o CEO bilionário está moldando nosso futuro;0h08;0,13;1;1;0,23;
395;The Successful Manager;0h08;0,13;1;1;0,26;
396;Conversas de Desempenho;0h08;0,13;1;1;0,22;
397;As cartas de Bezos -14 princípios para crescer como a Amazon;0h08;0,12;1;1;0,26;
398;Estratégias Para Ser Visível;0h08;0,12;1;1;0,18;
399;O Estrategista em Mídias Sociais;0h07;0,12;1;1;0,21;
400;Comunicação Não Violenta;0h07;0,12;1;1;0,27;
401;O Princípio Da Caixa-Preta;0h07;0,12;1;1;0,22;
402;Autobiografia de um iogue;0h07;0,12;1;1;0,21;
403;Invent and Wander;0h07;0,12;1;1;0,26;
404;5 Fatores Indispensáveis para um Kickoff de Vendas Perfeito;0h07;0,12;1;1;0,22;
405;The Blockchain and the New Architecture of Trust;0h07;0,12;1;1;0,21;
406;Para Pensar Como Um Cientista de Foguetes;0h07;0,12;1;1;0,26;
407;Marketing Disruptivo;0h07;0,12;1;1;0,24;
408;A Zona Ressonante;0h07;0,12;1;1;0,20;
409;Alavanque Sua Fibra;0h07;0,12;1;1;0,26;
410;O Poder da Empatia;0h07;0,12;1;1;0,24;
411;Extreme Economies ;0h07;0,12;1;1;0,23;
412;Além da Cibersegurança - Protegendo o seu negócio digital;0h07;0,12;1;1;0,18;
413;Remote Work - Redesign Processes, Practices and Strategies;0h07;0,12;1;1;0,27;
414;Liderando Mudanças Críticas;0h07;0,12;1;1;0,23;
415;Criando Inovadores;0h07;0,12;1;1;0,25;
416;Consciência dos Dispositivos;0h07;0,12;1;1;0,25;
417;Kings of Crypto;0h07;0,12;1;1;0,23;
418;As 5 principais lições de inovação de Melinda e Bill Gates;0h07;0,12;1;1;0,21;
419;O Drone do Bem;0h07;0,12;1;1;0,25;
420;Narrativa e Números;0h07;0,12;1;1;0,25;
421;Qual o Futuro da sua Profissão no Metaverso?;0h07;0,12;1;1;0,20;
422;A Grande Redefinição: Liderança Focada no Ser Humano;0h07;0,12;1;1;0,24;
423;A Empresa na Velocidade do Pensamento;0h07;0,12;1;1;0,23;
424;Sonho Grande;0h07;0,12;1;1;0,20;
425;10 dicas de Warren Buffett essenciais para o seu negócio;0h07;0,12;1;1;0,19;
426;Metaverso para Iniciantes e Avançados: Uma Jornada Completa;0h07;0,12;1;1;0,21;
427;Planejamento de Marca no Ambiente Digital;0h07;0,12;1;1;0,20;
428;As Cinco Tentações de um Executivo;0h07;0,12;1;1;0,18;
429;Be Here Now;0h07;0,12;1;1;0,21;
430;Oprah Winfrey: a mulher que faz acontecer;0h07;0,12;1;1;0,24;
431;Mulheres e Poder;0h07;0,12;1;1;0,24;
432;Lead and Disrupt;0h07;0,12;1;1;0,18;
433;Quebrando o Hábito do Silêncio;0h07;0,12;1;1;0,21;
434;O Otimista Racional;0h07;0,12;1;1;0,20;
435;Snow Crash;0h07;0,11;1;1;0,21;
436;CEO Vigilante;0h07;0,11;1;1;0,19;
437;Banking on It - How I Disrupted an Industry;0h07;0,11;1;1;0,18;
438;Mudança de Mindset;0h07;0,11;1;1;0,20;
439;Como a Mudança Populacional Irá Transformar o Nosso Mundo;0h07;0,11;1;1;0,22;
440;Moral Machines: Teaching Robots Right from Wrong;0h07;0,11;1;1;0,17;
441;Bitcoin, Currencies and Fragility;0h07;0,11;1;1;0,25;
442;User Research;0h07;0,11;1;1;0,25;
443;O Poder do Distanciamento Virtual;0h07;0,11;1;1;0,23;
444;When More Is Not Better;0h07;0,11;1;1;0,20;
445;First Principle;0h07;0,11;1;1;0,03;
446;Marketing Digital na Prática;0h07;0,11;1;1;0,18;
447;Toda Empresa Vai Ser uma Fintech;0h07;0,11;1;1;0,26;
448;DeFi: The Hot New Crypto Trend Of 2020;0h07;0,11;1;1;0,19;
449;O Livro de Soluções para o Gerente;0h07;0,11;1;1;0,22;
450;Ética Sapien;0h07;0,11;1;1;0,25;
451;Uma Breve História da Cripto Euforia;0h07;0,11;1;1;0,18;
452;Data Fluency;0h07;0,11;1;1;0,23;
453;Trabalho Sem Empregos;0h07;0,11;1;1;0,19;
454;Bytes, Bombs and Spies - The Strategic Dimensions of Offensive Cyber Operations;0h07;0,11;1;1;0,19;
455;A história de Mary Maxwell, mãe de Bill Gates e a Microsoft;0h07;0,11;1;1;0,22;
456;Produção Lean Simplificada;0h07;0,11;1;1;0,21;
457;11 HR Trends to Take into Account for 2021;0h06;0,11;1;1;0,23;
458;A Reinvenção da Empresa;0h06;0,11;1;1;0,16;
459;7 lições de sucesso que você pode aprender com Jeff Bezos;0h06;0,11;1;1;0,19;
460;Steve Jobs’s Real Talent Wasn’t Design – It Was Seduction;0h06;0,11;1;1;0,23;
461;Pai Rico, Pai Pobre;0h06;0,10;1;1;0,17;
462;What if bitcoin went to zero?;0h06;0,10;1;1;0,20;
463;Metaverso de 30 Minutos;0h06;0,10;1;1;0,21;
464;As 15 grandes lições de Bill Gates;0h06;0,10;1;1;0,18;
465;O Futuro do Bitcoin;0h06;0,10;1;1;0,24;
466;Verifique seu Privilégio Financeiro;0h06;0,10;1;1;0,16;
467;What are DAOs?;0h06;0,10;1;1;0,23;
468;Ativos digitais, tecnologia de contabilidade e o futuro;0h06;0,10;1;1;0,24;
469;A Incrível Logística dos Supermercados;0h06;0,10;1;1;0,21;
470;Introdução;0h06;0,10;1;1;0,16;
471;The Coming Currency War;0h06;0,10;1;1;0,24;
472;Top 10 Tendências para o Ambiente de Trabalho em 2022;0h06;0,10;1;1;0,20;
473;A Moeda da Confiança;0h06;0,10;1;1;0,18;
474;Batendo o Relógio de Ponto;0h06;0,09;1;1;0,18;
475;O maior recurso do Bitcoin também é sua ameaça existencial;0h06;0,09;1;1;0,18;
476;Mentes Felizes;0h06;0,09;1;1;0,20;
477;O Sucesso de Elon Musk;0h05;0,09;1;1;0,15;
478;Os 14 Princípios da Organização do Futuro;0h05;0,09;1;1;0,19;
479;Ensinando robôs da maneira errada;0h05;0,09;1;1;0,14;
480;Want a Job? The AI Will See You Now;0h05;0,09;1;1;0,16;
481;A visão de Bob Muglia sobre Bill Gates e Steve Ballmer;0h05;0,09;1;1;0,16;
482;Warren Buffett: Sua trajetória e suas lições;0h05;0,09;1;1;0,18;
483;5 Dicas para se destacar na gestão remota;0h05;0,08;1;1;0,17;
484;Inovação em RH e o Futuro do Trabalho;0h05;0,08;1;1;0,16;
485;Emoções: Fatos vs. Ficção;0h05;0,08;1;1;0,15;
486;Construindo um Local de Trabalho Diversificado e Inclusivo;0h05;0,08;1;1;0,13;
487;Custo Marginal Zero;0h04;0,07;1;1;0,13;
