rank;curso;horas;aulas;modulos;vimeo
1;Inteligência Artificial - Canis Minor Solum (Premium);30,22;83;12;⚠️ incompleto (11/12 módulos)
2;Excel 2019 - Módulo II (Premium);23,40;126;10;❌ não está
3;Office 365 para Negócios: Domine a Produtividade (Premium);15,75;89;21;❌ não está
4;Excel 2019 - Gráficos e Dashboards (Premium);15,73;81;8;❌ não está
5;Excel 2019 - Módulo I (Premium);14,84;81;13;⚠️ incompleto (7/13 módulos)
6;Método Python Pass - Aprenda Python com Projetos (Premium);11,93;108;11;⚠️ incompleto (9/11 módulos)
7;React - Direto ao Ponto (Premium);11,11;70;13;❌ não está
8;Photoshop CC 2019 - Módulo I (Premium);10,04;49;17;❌ não está
9;Illustrator CC 2019 (Premium);9,10;47;12;✅ completo
10;Scrum - Gestão e Desenvolvimento Ágil de Projetos;8,63;34;5;❌ não está
11;SQL 2016: Construindo Sistemas de Banco de Dados Poderosos (Premium);7,81;31;30;❌ não está
12;AutoCAD 2019 - Módulo I (Premium);7,44;59;12;⚠️ incompleto (11/12 módulos)
13;Data Science em Foco: Projetos que Impulsionam (Premium);7,00;71;10;✅ completo
14;Power BI Desktop: Dominando Análise de Dados (Premium);6,76;21;8;❌ não está
15;Domine o Inbound Marketing;5,41;25;8;❌ não está
16;Photoshop CC 2019 - Módulo II (Premium);5,15;30;11;❌ não está
17;Fundamentos de Machine Learning na Prática (Premium);4,62;29;16;✅ completo
18;PNL - Desvendando a Mente (Premium);4,56;19;7;❌ não está
19;Marketing Digital para Ecommerce (Premium);3,54;50;6;❌ não está
20;Mongo DB em Ação: Dominando a Prática (Premium);3,34;22;10;❌ não está
21;Big Data com Hadoop - Fundamentos (Premium);3,10;19;5;❌ não está
22;ETL na Prática - Como trabalhar com dados (Premium);2,62;15;7;❌ não está
23;Global Business for Tech Entrepreneurs;2,50;13;3;❌ não está
24;Negociação Produtiva (Premium);2,16;7;1;❌ não está
25;Global Business for Entrepreneurs;2,11;11;3;❌ não está
26;Tik Tok Ads (Premium);1,94;16;1;❌ não está
27;Data Warehouse Fundamentos e Implementação (Premium);1,88;12;1;❌ não está
28;CBS - Community Building Strategies;1,67;10;9;✅ completo
29;R: Explorando o Potencial da Análise de Dados (Premium);1,66;10;6;❌ não está
30;Fundamentos de Liderança;1,64;8;1;❌ não está
31;Introdução à Lógica de Programação (Premium);1,49;10;9;❌ não está
32;Home Officer - O profissional do agora;1,38;1;1;❌ não está
33;7 Tendências para o Novo Mundo;1,23;10;1;✅ completo
34;Estratégias de Carreira;1,23;6;1;✅ completo
35;Reinventando a Carreira;1,23;6;1;❌ não está
36;O que é Inteligência Artificial? (Premium);1,22;1;1;✅ completo
37;IoT Desvendada: Fundamentos da Internet das Coisas;1,17;13;1;❌ não está
38;Tendências Globais para Fintechs (Premium);1,15;5;1;❌ não está
39;Instagram Autoral (Premium);1,14;8;1;✅ completo
40;Brand Experience (Premium);0,86;3;1;❌ não está
41;Game Dev - Introdução ao Mundo dos Games (Premium);0,85;4;1;✅ completo
42;B.I. - Como transformar dados em realidade (Premium);0,81;9;1;✅ completo
43;Apertando START no mundo dos games (Premium);0,81;4;1;❌ não está
44;Planejamento Estratégico;0,81;6;1;❌ não está
45;Mobile Economy;0,79;3;1;❌ não está
46;Como criar um E-Commerce Global;0,79;4;1;❌ não está
47;Vida e Morte das Organizações;0,76;5;1;❌ não está
48;Contabilidade para não contadores;0,76;6;1;✅ completo
49;Como criar uma marca global;0,75;5;1;❌ não está
50;Game Design e Prototipagem para Boardgames (Premium);0,73;3;1;❌ não está
51;Double Diamond - Introdução ao UX Design (Premium);0,60;4;1;❌ não está
52;Estratégias Aplicadas ao Empreendedorismo;0,55;4;1;❌ não está
53;Ferramentas para aumentar sua produtividade (Premium);0,44;3;1;❌ não está
54;Sociedade com Custo Marginal Zero;0,40;1;1;❌ não está
55;Colocando a Coragem para Trabalhar;0,40;1;1;❌ não está
56;Empreender como PJ: O Guia para a Liberdade Profissional;0,40;3;1;❌ não está
57;A Guerra por Talentos;0,39;1;1;❌ não está
58;Como Expatriar Funcionários;0,39;1;1;❌ não está
59;Um guia para Iniciantes: O que é o Metaverso?;0,38;1;1;❌ não está
60;A alma do dinheiro;0,37;1;1;❌ não está
61;Inteligência Emocional;0,37;1;1;❌ não está
62;Criatividade;0,36;1;1;❌ não está
63;Arquétipos do Networking;0,36;3;1;❌ não está
64;O Líder do Futuro;0,35;1;1;❌ não está
65;O Caminho para a Reinvenção;0,35;1;1;❌ não está
66;Mentalidade de Crescimento (Premium);0,35;1;1;❌ não está
67;Preparando pessoas para a transformação;0,34;1;1;❌ não está
68;Conceito: Homo Deus;0,34;1;1;❌ não está
69;A Indústria de Ideias;0,34;1;1;❌ não está
70;Neurociência da Educação;0,33;6;1;❌ não está
71;Monetizando a Inovação;0,32;1;1;❌ não está
72;Aspectos Legais da Internacionalização;0,32;2;1;❌ não está
73;Liderança Aberta;0,32;1;1;❌ não está
74;O Projeto Desfazer:A amizade que mudou nossa forma de pensar;0,32;1;1;❌ não está
75;A Quarta Revolução Industrial;0,32;1;1;❌ não está
76;O homem mais rico da Babilônia;0,31;1;1;❌ não está
77;Habilidades do Futuro;0,31;1;1;❌ não está
78;Dominando a arte de falar em público;0,31;1;1;❌ não está
79;A Economia Global em 2030;0,31;1;1;❌ não está
80;Pensamento Crítico;0,30;1;1;❌ não está
81;A Armadilha do Tempo;0,30;1;1;❌ não está
82;O Futuro da Economia - As 12 Tendências;0,30;1;1;❌ não está
83;Conceito: Sapiens - Uma breve história da humanidade;0,30;1;1;❌ não está
84;Como Criar Apresentações Impactantes (Premium);0,29;1;1;❌ não está
85;O Investidor de Bom Senso;0,29;1;1;❌ não está
86;O Metaverso de Charlie Fink;0,29;1;1;❌ não está
87;Humble Leadership - A liderança humilde;0,29;1;1;❌ não está
88;Olhe Mais Além: Uma abordagem comprovada sobre inovação;0,29;1;1;❌ não está
89;Desencadeando a Inovação e o Potencial Empreendedor;0,29;1;1;❌ não está
90;Dez Tipos de Inovação;0,28;1;1;❌ não está
91;Marketing Digital para Iniciantes (Premium);0,28;2;1;❌ não está
92;Marketing na Era Digital;0,28;1;1;❌ não está
93;A Hipótese do Inovador;0,28;1;1;❌ não está
94;Pensamento Exponencial;0,28;4;1;❌ não está
95;Lidere, Cuide, Vença - Como se tornar um líder relevante;0,28;1;1;❌ não está
96;Liderança em Tempos de Crise;0,28;1;1;❌ não está
97;Saída de Mestre;0,28;1;1;❌ não está
98;A Mentalidade Criativa;0,28;1;1;❌ não está
99;Um CEO Faz Apenas Três Coisas;0,28;1;1;❌ não está
100;Adaptabilidade (Premium);0,28;1;1;❌ não está
101;Medicina e Biotecnologia;0,27;1;1;❌ não está
102;A História Secreta da Criatividade;0,27;1;1;❌ não está
103;O MBA da Vida Real;0,27;1;1;❌ não está
104;Lifelong Learning - Aprendizado Contínuo;0,27;1;1;❌ não está
105;O Futuro do Trabalho - Robôs, inteligência artificial;0,27;1;1;❌ não está
106;A Economia do Bem e do Mal;0,27;1;1;❌ não está
107;Obrigado pela Informação que Você Não Me Deu;0,27;1;1;❌ não está
108;Mais do que Mulher-Maravilha... Mulher Real;0,27;1;1;❌ não está
109;O Acaso Não Existe;0,27;1;1;❌ não está
110;Tudo o Que Você Precisa Saber Sobre o Futuro do Trabalho;0,27;1;1;❌ não está
111;A Arte da Liderança - Pequenas coisas, bem executadas;0,26;1;1;❌ não está
112;As 17 Incontestáveis Leis do Trabalho em Equipe;0,26;1;1;❌ não está
113;O que Fazer Quando as Máquinas Fazem Tudo;0,26;1;1;❌ não está
114;Liderança Criativa;0,26;1;1;❌ não está
115;Como Avaliar e Medir a Inovação nos Negócios;0,26;1;1;❌ não está
116;Evolução dos Jogos e Gamificação (Premium);0,26;2;1;❌ não está
117;De Zero a Um;0,26;1;1;❌ não está
118;Como Consertar uma Fábrica;0,25;1;1;❌ não está
119;Solução de Problemas Complexos (Premium);0,25;1;1;❌ não está
120;Comunicação;0,25;1;1;❌ não está
121;A Vantagem da Curiosidade;0,25;1;1;❌ não está
122;Tendências de Tecnologia do Future Today Institute - 2020;0,25;1;1;❌ não está
123;First Principle;0,25;4;1;❌ não está
124;Política do Futuro;0,25;1;1;❌ não está
125;Instagram, WhatsApp e Facebook para Negócios;0,25;1;1;❌ não está
126;A Psicologia do Dinheiro;0,24;1;1;❌ não está
127;Aberto para Pensar;0,24;1;1;❌ não está
128;Tráfego Pago: O Segredo do Lucro nas Redes Sociais;0,24;1;1;❌ não está
129;A Liderança Inspirada pela Arte;0,24;1;1;❌ não está
130;O Estilo Emocional do Cérebro;0,24;1;1;❌ não está
131;FLAPS! Liderança Adaptágil;0,24;1;1;❌ não está
132;A Lógica do Consumo;0,24;1;1;❌ não está
133;Escute o que ela diz;0,24;1;1;❌ não está
134;A Era Exponencial;0,24;1;1;❌ não está
135;Equipes Globais;0,24;1;1;❌ não está
136;Scrum para Leigos;0,24;1;1;❌ não está
137;O Desafio da Cadeia de Suprimentos Digital;0,23;1;1;❌ não está
138;2025, O Mundo Novo;0,23;1;1;❌ não está
139;Criptoativos - O guia inovador do investidor;0,23;1;1;❌ não está
140;Os Dilemas do Fundador;0,23;1;1;❌ não está
141;Como criar uma política corporativa de viagens internacionais;0,23;1;1;❌ não está
142;A Revolução do Trabalho Remoto;0,22;1;1;❌ não está
143;Dito de Forma Simples;0,22;1;1;❌ não está
144;A Arte de Escrever para a Web;0,22;1;1;❌ não está
145;As 21 Indispensáveis Qualidades de um Líder;0,22;1;1;❌ não está
146;O Maior Retorno do Líder;0,22;1;1;❌ não está
147;A Tríade do Tempo;0,21;1;1;❌ não está
148;Responsabilidade Social Corporativa Não é Relações Públicas;0,21;1;1;❌ não está
149;Persuasão;0,21;1;1;❌ não está
150;Reinventando as organizações;0,21;1;1;❌ não está
151;Instagram Marketing;0,21;1;1;❌ não está
152;Todos Devemos Ser Milionários;0,21;1;1;❌ não está
153;What Are Your Blind Spots?;0,21;1;1;❌ não está
154;Adapte-se: Resiliência;0,21;1;1;❌ não está
155;Mapeando a Inovação;0,21;1;1;❌ não está
156;Ética, Mídia e Comunicação;0,21;1;1;❌ não está
157;Biomimética: Inovação Bioinspirada;0,20;1;1;❌ não está
158;Superintelligence: Paths, Dangers, Strategies;0,20;1;1;❌ não está
159;Gerindo Transições ;0,20;1;1;❌ não está
160;Aprimore Suas Reuniões Virtuais;0,20;1;1;❌ não está
161;Qual o futuro do dinheiro?;0,20;1;1;❌ não está
162;Zen Mind, Beginner's Mind;0,20;1;1;❌ não está
163;Trabalhe Melhor em Grupo;0,20;1;1;❌ não está
164;Liderança Shakti;0,20;1;1;❌ não está
165;A Solução para o Esgotamento;0,20;1;1;❌ não está
166;A potência das Microtendências;0,20;1;1;❌ não está
167;A Liderança Atenciosa;0,20;1;1;❌ não está
168;Elon Musk: Vida e Empreendimentos;0,20;1;1;❌ não está
169;O jeito correto de ganhar;0,20;1;1;❌ não está
170;Os Níveis de Aprendizagem;0,20;1;1;❌ não está
171;Uma terra prometida;0,20;1;1;❌ não está
172;Fazendo a Inovação Acontecer;0,20;1;1;❌ não está
173;Hackeando Darwin;0,19;1;1;❌ não está
174;O Companheiro de Equipe a Longa Distância;0,19;1;1;❌ não está
175;Os 7 Hábitos das Pessoas Altamente Eficazes;0,19;1;1;❌ não está
176;Hábitos Simples para Tempos Complexos;0,19;1;1;⚠️ vídeo 00:00 (upload com problema?)
177;Soltando as Amarras;0,19;1;1;❌ não está
178;A Quinta Disciplina;0,19;1;1;❌ não está
179;Revolução do Talento;0,19;1;1;❌ não está
180;5 Modos Entediantes de Se Tornar Mais Criativo;0,19;1;1;❌ não está
181;Do bullying a Magnata: A trajetória de Elon Musk;0,19;1;1;❌ não está
182;O C-Level do Futuro;0,19;1;1;❌ não está
183;O Maior Bem que Podemos Fazer;0,19;1;1;❌ não está
184;A Quietude é a chave;0,19;1;1;❌ não está
185;A Sabedoria do Fracasso;0,19;1;1;❌ não está
186;eLogistics - Logística para o E-commerce;0,19;1;1;❌ não está
187;Howard Hughes: His Life and Madness;0,19;1;1;❌ não está
188;21 Lições para o Século XXI;0,19;5;1;❌ não está
189;O Propósito Transformador Massivo;0,19;1;1;❌ não está
190;A Lei do Triunfo;0,19;1;1;❌ não está
191;A armadilha dos conselhos;0,19;1;1;❌ não está
192;Bora Bater Meta;0,19;1;1;❌ não está
193;Regulatory sandbox: As leis e a inovação;0,18;1;1;❌ não está
194;Excelência e Maestria;0,18;1;1;❌ não está
195;7 Passos para ser um Líder de Vendas;0,18;1;1;❌ não está
196;Preservando a Reputação;0,18;1;1;❌ não está
197;Construindo Comunidades de Marca;0,18;1;1;❌ não está
198;As 3 Leis do Desempenho;0,18;1;1;❌ não está
199;Lean vs. Ágil vs. Design Thinking;0,18;1;1;❌ não está
200;As Novas Competências de Liderança;0,18;1;1;❌ não está
201;O Metaverso e como ele irá revolucionar tudo;0,18;1;1;❌ não está
202;Metaverso por Mark Zuckerberg entrevista Gary Vaynerchuk;0,18;1;1;❌ não está
203;As Regras Básicas de Warren Buffett;0,18;1;1;❌ não está
204;The Black Swan;0,18;1;1;❌ não está
205;Desafios da Primeira Gestão;0,18;1;1;❌ não está
206;Equidade em Elevação;0,18;1;1;❌ não está
207;O Príncipe;0,17;1;1;❌ não está
208;International Team Management;0,17;1;1;⚠️ vídeo 00:00 (upload com problema?)
209;A sociedade contra o Estado;0,17;1;1;❌ não está
210;O Fim do Marketing;0,17;1;1;❌ não está
211;A Regra 10X;0,17;1;1;❌ não está
212;O Metaverso da China;0,17;1;1;❌ não está
213;How to create an International Sales Pitch;0,17;1;1;⚠️ vídeo 00:00 (upload com problema?)
214;The Everything Store: Jeff Bezos and the Age of Amazon;0,17;1;1;❌ não está
215;Aprofundando os Níveis de Aprendizagem;0,17;1;1;❌ não está
216;A Cabeça de Steve Jobs;0,17;1;1;❌ não está
217;O Almanaque de Naval Ravikant ;0,17;1;1;❌ não está
218;IF THEN: Como a Simulmatics Corporation Inventou O Futuro;0,17;1;1;❌ não está
219;O Coach Excelente;0,17;1;1;❌ não está
220;O Líder de Longa Distância;0,17;1;1;❌ não está
221;O Condutor do Carro Autônomo;0,17;1;1;❌ não está
222;Under a White Sky: The Nature of the Future;0,17;1;1;❌ não está
223;Ao Vivo de Cupertino;0,17;1;1;❌ não está
224;A Comunicação do Líder;0,17;1;1;❌ não está
225;Lights Out:Pride, Delusion, and the Fall of General Electric;0,17;1;1;❌ não está
226;1984;0,17;1;1;❌ não está
227;Security Analysis;0,16;1;1;❌ não está
228;21 lições para o Século XXI;0,16;1;1;❌ não está
229;Design para um Futuro Mais Justo;0,16;1;1;❌ não está
230;Agilidade Emocional (Premium);0,16;2;1;❌ não está
231;Teoria e Prática de Relações Públicas;0,16;1;1;❌ não está
232;Simplesmente Gerenciar ;0,16;1;1;❌ não está
233;Anticarreira;0,16;1;1;❌ não está
234;Ask Your Developer - Pergunte ao Seu Desenvolvedor;0,16;1;1;❌ não está
235;SuperApps;0,16;1;1;❌ não está
236;Os 4 Estágios da Segurança Psicológica;0,16;1;1;❌ não está
237;5% Mais;0,16;1;1;❌ não está
238;Memos from the Chairman;0,16;1;1;❌ não está
239;Execução: A Disciplina Para Atingir Resultados;0,16;1;1;❌ não está
240;The Brains and Brawn Company;0,16;1;1;❌ não está
241;Cibersegurança: como não ser alvo de ataques hackers ;0,16;1;1;❌ não está
242;Como ouvir e ser ouvido;0,16;1;1;❌ não está
243;Como Moderar Palestras, Painéis, Reuniões e Muito Mais;0,16;1;1;❌ não está
244;AI Superpowers China,Silicon Valley, and the New World Order;0,16;1;1;✅ completo
245;Histórias de Ninar para Gerentes;0,16;1;1;❌ não está
246;Bill Gates e o Metaverso;0,16;1;1;❌ não está
247;Projetando uma Empresa Melhor;0,16;1;1;❌ não está
248;This Is How They Tell Me the World Ends;0,16;1;1;❌ não está
249;Regras da Confiança;0,16;1;1;❌ não está
250;Economia Compartilhada;0,16;1;1;❌ não está
251;Predictive Analytics;0,15;1;1;❌ não está
252;The Overstory, de Richard Powers;0,15;1;1;❌ não está
253;Ágil do jeito certo;0,15;1;1;❌ não está
254;Marketing 4.0;0,15;1;1;❌ não está
255;Think Bigger;0,15;1;1;❌ não está
256;The Data Driven Leader;0,15;1;1;❌ não está
257;Empatia é sua Melhor Ferramenta Criativa;0,15;1;1;❌ não está
258;DeFi and the Future of Finance;0,15;1;1;❌ não está
259;Os Herdeiros - Os Estudantes e A Cultura;0,15;1;1;❌ não está
260;O que podemos aprender com as pessoas resilientes;0,15;1;1;❌ não está
261;How to do business with Americans, Canadians and Brits;0,15;1;1;⚠️ vídeo 00:00 (upload com problema?)
262;O Líder Introvertido - Tire partido da sua força silenciosa;0,15;1;1;❌ não está
263;The Outsiders;0,15;1;1;❌ não está
264;Trabalhe em Equipe Onde Estiver;0,15;1;1;❌ não está
265;Big Data in Practice;0,15;1;1;✅ completo
266;A distinção: Crítica social do julgamento;0,15;1;1;❌ não está
267;Fast Times;0,15;1;1;❌ não está
268;Quem pensa enriquece: Edição oficial e original de 1937;0,15;1;1;❌ não está
269;Lições aprendidas em 19 anos de Metaverso;0,15;1;1;❌ não está
270;Um Guia Completo do Trabalho em Equipes Remotas;0,15;1;1;❌ não está
271;Os 5 Desafios das Equipes;0,15;1;1;❌ não está
272;Metaverso para iniciantes;0,15;1;1;❌ não está
273;O Poder dos Experimentos;0,15;1;1;❌ não está
274;As cartas de Warren Buffett;0,15;1;1;❌ não está
275;A Start Up Enxuta - Manual da Resistência Mental;0,15;1;1;❌ não está
276;Inovação + Igualdade Como criar um futuro melhor;0,15;1;1;❌ não está
277;Me Poupe!;0,15;1;1;❌ não está
278;Tecnologias Radicais;0,15;1;1;❌ não está
279;Behind Every Good Decision;0,15;1;1;❌ não está
280;Primeiros passos para anunciar no Facebook;0,15;1;1;❌ não está
281;Steve Jobs: A Biography by Walter Isaacson;0,15;1;1;❌ não está
282;Tráfego pago para iniciantes;0,15;1;1;❌ não está
283;Palavras nos Falham;0,15;1;1;❌ não está
284;Consistência Implacável;0,15;1;1;❌ não está
285;Integração é Essencial;0,15;1;1;❌ não está
286;Liderança de Algoritmo;0,15;1;1;❌ não está
287;Jardineiros e Não Mecânicos;0,15;1;1;❌ não está
288;Data Driven;0,15;1;1;❌ não está
289;Manual da Resistência Mental;0,15;1;1;❌ não está
290;Como entrar no mundo digital;0,15;1;1;❌ não está
291;O Imperativo da Ativação ;0,15;1;1;❌ não está
292;Rei Lear - William Shakespeare;0,14;1;1;❌ não está
293;O futuro do trabalho -  Fórum Econômico Mundial 2020;0,14;1;1;❌ não está
294;Como liderar com sucesso uma equipe remota;0,14;1;1;❌ não está
295;Segurança e Guerra Cibernética;0,14;1;1;❌ não está
296;Just Money Mission - Driven Banks and the Future of Finance;0,14;1;1;❌ não está
297;Gerenciando Pessoas;0,14;1;1;❌ não está
298;Pensamento de Risco - em um mundo incerto;0,14;1;1;❌ não está
299;O Fim do Poder;0,14;1;1;❌ não está
300;A Era do Capitalismo de Vigilância;0,14;1;1;❌ não está
301;Manual de T&D para a Era Digital;0,14;1;1;❌ não está
302;Feitas Para Durar: Práticas Bem-sucedidas de Empresas Vision;0,14;1;1;❌ não está
303;Avance no seu Próprio Caminho;0,14;1;1;❌ não está
304;A Economia das Trocas Simbólicas ;0,14;1;1;❌ não está
305;Seventeen Contradictions and the End of Capitalism;0,14;1;1;❌ não está
306;O Fator de Inversão ;0,14;1;1;❌ não está
307;Por que os Homens se Destacam no Trabalho;0,14;1;1;❌ não está
308;Merchants of Doubt - Comerciantes da Dúvida;0,14;1;1;❌ não está
309;A Riqueza da Vida Simples;0,14;1;1;❌ não está
310;Educação e emancipação;0,14;1;1;❌ não está
311;The Master Algorithm;0,14;1;1;❌ não está
312;Business Dô;0,14;1;1;⚠️ vídeo 00:00 (upload com problema?)
313;Digital Zettelkasten: Principles, Methods & Examples;0,14;1;1;❌ não está
314;Vidas Danificadas;0,14;1;1;❌ não está
315;Lean Thinking;0,14;1;1;❌ não está
316;Losing My Virginity;0,14;1;1;❌ não está
317;O Poder do Líder Generoso;0,14;1;1;❌ não está
318;Os Lados Hard e Soft da Gestão de Mudanças;0,14;1;1;❌ não está
319;O Código do Estresse: Da sobrevivência à prosperidade;0,14;1;1;❌ não está
320;Blockchain Babel;0,14;1;1;❌ não está
321;O investidor inteligente;0,14;1;1;❌ não está
322;Só Garotos;0,14;1;1;❌ não está
323;Jack: Definitivo;0,14;1;1;❌ não está
324;11 Lições de Steve Jobs;0,14;1;1;❌ não está
325;5 lições que mostram porque Luiza Helena Trajano é  sucesso;0,14;1;1;❌ não está
326;Lucro Inteligente;0,14;1;1;❌ não está
327;Do Sonho à Realização em 4 Passos;0,14;1;1;❌ não está
328;Our Final Invention;0,14;1;1;❌ não está
329;DNA do Inovador - Dominando as 5 Habilidades dos Inovadores;0,14;1;1;❌ não está
330;Superestrategistas;0,14;1;1;❌ não está
331;Projetadas para a Transformação Digital;0,14;1;1;❌ não está
332;A Cura da Procrastinação;0,14;1;1;❌ não está
333;O metaverso pode ser a próxima oportunidade de trilhões;0,14;1;1;❌ não está
334;As Camadas do Metaverso;0,14;1;1;❌ não está
335;O Método Loop;0,14;1;1;❌ não está
336;Criatividade S.A.;0,14;1;1;❌ não está
337;Você, Eu e os Robôs;0,14;1;1;✅ completo
338;Transições Grandiosas;0,14;1;1;❌ não está
339;Sam Walton: Feito na América;0,14;1;1;❌ não está
340;O Mais Importante para o Investidor;0,14;1;1;❌ não está
341;Gerenciando, Realizando, Vivendo;0,14;1;1;❌ não está
342;The Cybersecurity Playbook - How Every Leader and Employee Can Contribute to a Culture of Security;0,14;1;1;❌ não está
343;A Economia do Propósito Maior;0,14;1;1;❌ não está
344;Os Ensaios de Warren Buffett;0,14;1;1;❌ não está
345;A corrosão do caráter;0,14;1;1;❌ não está
346;Como: Por que o Como Fazer Algo Significa Tudo;0,14;1;1;❌ não está
347;Virtual Facilitation;0,14;1;1;❌ não está
348;SUPER FOUNDERS;0,14;1;1;❌ não está
349;Testando Ideias de Negócios ;0,14;1;1;❌ não está
350;Marketing de Conteúdo;0,13;1;1;❌ não está
351;Crítica da razão pura;0,13;1;1;❌ não está
352;A Cultura Orientada ao Cliente: Uma História da Microsoft;0,13;1;1;❌ não está
353;The New Leadership Playbook for the Digital Age;0,13;1;1;❌ não está
354;Screw It, Let's Do It: Lessons In Life;0,13;1;1;❌ não está
355;Jogue com Ousadia;0,13;1;1;❌ não está
356;O Dilema da Inovação;0,13;1;1;❌ não está
357;À Prova de Rotatividade;0,13;1;1;❌ não está
358;Capacitação eficiente de vendas;0,13;1;1;❌ não está
359;Think Outside the Building;0,13;1;1;❌ não está
360;Desconstruindo o Mindset e Construindo Inovação;0,13;1;1;❌ não está
361;A Estrutura das Revoluções Científicas;0,13;1;1;❌ não está
362;O Futuro Será Humano?;0,13;1;1;❌ não está
363;Liderança Conectada;0,13;1;1;❌ não está
364;Life 3.0: Being Human in the Age of Artificial Intelligence;0,13;1;1;❌ não está
365;Melhores Aliados;0,13;1;1;❌ não está
366;Power Play: Tesla, Elon Musk, and the Bet of the Century;0,13;1;1;❌ não está
367;Bem-vindo à Gestão;0,13;1;1;❌ não está
368;Gatilhos Mentais - O Guia Completo ;0,13;1;1;❌ não está
369;Restoring the Soul of Business;0,13;1;1;❌ não está
370;Transformando a Gestão de Projetos;0,13;1;1;❌ não está
371;1440 Minutos - Uma conversa bem humorada sobre produtividade;0,13;1;1;❌ não está
372;Método Lifescale;0,13;1;1;❌ não está
373;Lance a Sua Carreira;0,13;1;1;❌ não está
374;O líder que supera os seus bloqueios;0,13;1;1;❌ não está
375;O Salto Quântico;0,13;1;1;❌ não está
376;Reimaginando a Colaboração - Slack, Microsoft Teams, Zoom;0,13;1;1;❌ não está
377;Tirania de Métricas;0,13;1;1;❌ não está
378;A Falácia da Tecnologia;0,13;1;1;❌ não está
379;Condução Digital;0,13;1;1;❌ não está
380;Flow;0,13;1;1;❌ não está
381;Os Anjos Bons da Nossa Natureza: Por que a violência diminui;0,13;1;1;❌ não está
382;Empresas Feitas Para Vencer;0,13;1;1;❌ não está
383;A Revolução do Aprendizado Profundo;0,13;1;1;✅ completo
384;O Capital;0,13;1;1;❌ não está
385;4.000 Semanas;0,13;1;1;❌ não está
386;Reimaginando a Humanidade;0,13;1;1;❌ não está
387;A Vantagem da Mentalidade Gig;0,13;1;1;❌ não está
388;Guia de Gestão e Liderança para a Geração do Milênio;0,13;1;1;❌ não está
389;Leading at a Distance;0,13;1;1;❌ não está
390;A Thousand Brains: A New Theory of Intelligence;0,13;1;1;✅ completo
391;Mapa para a Coragem;0,13;1;1;❌ não está
392;Confident Data Skills;0,13;1;1;❌ não está
393;Elon Musk: Como o CEO bilionário está moldando nosso futuro;0,13;1;1;❌ não está
394;The Successful Manager;0,13;1;1;❌ não está
395;Conversas de Desempenho;0,13;1;1;❌ não está
396;As cartas de Bezos -14 princípios para crescer como a Amazon;0,12;1;1;❌ não está
397;Estratégias Para Ser Visível;0,12;1;1;❌ não está
398;O Estrategista em Mídias Sociais;0,12;1;1;❌ não está
399;Comunicação Não Violenta;0,12;1;1;❌ não está
400;O Princípio Da Caixa-Preta;0,12;1;1;❌ não está
401;Autobiografia de um iogue;0,12;1;1;❌ não está
402;Invent and Wander;0,12;1;1;❌ não está
403;5 Fatores Indispensáveis para um Kickoff de Vendas Perfeito;0,12;1;1;❌ não está
404;The Blockchain and the New Architecture of Trust;0,12;1;1;❌ não está
405;Para Pensar Como Um Cientista de Foguetes;0,12;1;1;❌ não está
406;Marketing Disruptivo;0,12;1;1;❌ não está
407;A Zona Ressonante;0,12;1;1;❌ não está
408;Alavanque Sua Fibra;0,12;1;1;❌ não está
409;O Poder da Empatia;0,12;1;1;❌ não está
410;Extreme Economies ;0,12;1;1;❌ não está
411;Além da Cibersegurança - Protegendo o seu negócio digital;0,12;1;1;❌ não está
412;Remote Work - Redesign Processes, Practices and Strategies;0,12;1;1;❌ não está
413;Liderando Mudanças Críticas;0,12;1;1;❌ não está
414;Criando Inovadores;0,12;1;1;❌ não está
415;Consciência dos Dispositivos;0,12;1;1;❌ não está
416;Kings of Crypto;0,12;1;1;❌ não está
417;As 5 principais lições de inovação de Melinda e Bill Gates;0,12;1;1;❌ não está
418;O Drone do Bem;0,12;1;1;❌ não está
419;Narrativa e Números;0,12;1;1;❌ não está
420;Qual o Futuro da sua Profissão no Metaverso?;0,12;1;1;❌ não está
421;A Grande Redefinição: Liderança Focada no Ser Humano;0,12;1;1;❌ não está
422;A Empresa na Velocidade do Pensamento;0,12;1;1;❌ não está
423;Sonho Grande;0,12;1;1;❌ não está
424;10 dicas de Warren Buffett essenciais para o seu negócio;0,12;1;1;❌ não está
425;Metaverso para Iniciantes e Avançados: Uma Jornada Completa;0,12;1;1;❌ não está
426;Planejamento de Marca no Ambiente Digital;0,12;1;1;❌ não está
427;As Cinco Tentações de um Executivo;0,12;1;1;❌ não está
428;Be Here Now;0,12;1;1;❌ não está
429;Oprah Winfrey: a mulher que faz acontecer;0,12;1;1;❌ não está
430;Mulheres e Poder;0,12;1;1;❌ não está
431;Lead and Disrupt;0,12;1;1;❌ não está
432;Quebrando o Hábito do Silêncio;0,12;1;1;❌ não está
433;O Otimista Racional;0,12;1;1;❌ não está
434;Snow Crash;0,11;1;1;❌ não está
435;CEO Vigilante;0,11;1;1;❌ não está
436;Banking on It - How I Disrupted an Industry;0,11;1;1;❌ não está
437;Mudança de Mindset;0,11;1;1;❌ não está
438;Como a Mudança Populacional Irá Transformar o Nosso Mundo;0,11;1;1;❌ não está
439;Moral Machines: Teaching Robots Right from Wrong;0,11;1;1;❌ não está
440;Bitcoin, Currencies and Fragility;0,11;1;1;❌ não está
441;User Research;0,11;1;1;❌ não está
442;O Poder do Distanciamento Virtual;0,11;1;1;❌ não está
443;When More Is Not Better;0,11;1;1;❌ não está
444;First Principle;0,11;1;1;❌ não está
445;Marketing Digital na Prática;0,11;1;1;❌ não está
446;Toda Empresa Vai Ser uma Fintech;0,11;1;1;❌ não está
447;DeFi: The Hot New Crypto Trend Of 2020;0,11;1;1;❌ não está
448;O Livro de Soluções para o Gerente;0,11;1;1;❌ não está
449;Ética Sapien;0,11;1;1;❌ não está
450;Uma Breve História da Cripto Euforia;0,11;1;1;❌ não está
451;Data Fluency;0,11;1;1;❌ não está
452;Trabalho Sem Empregos;0,11;1;1;❌ não está
453;Bytes, Bombs and Spies - The Strategic Dimensions of Offensive Cyber Operations;0,11;1;1;❌ não está
454;A história de Mary Maxwell, mãe de Bill Gates e a Microsoft;0,11;1;1;❌ não está
455;Produção Lean Simplificada;0,11;1;1;❌ não está
456;11 HR Trends to Take into Account for 2021;0,11;1;1;❌ não está
457;A Reinvenção da Empresa;0,11;1;1;❌ não está
458;7 lições de sucesso que você pode aprender com Jeff Bezos;0,11;1;1;❌ não está
459;Steve Jobs’s Real Talent Wasn’t Design – It Was Seduction;0,11;1;1;❌ não está
460;Pai Rico, Pai Pobre;0,10;1;1;❌ não está
461;What if bitcoin went to zero?;0,10;1;1;❌ não está
462;Metaverso de 30 Minutos;0,10;1;1;❌ não está
463;As 15 grandes lições de Bill Gates;0,10;1;1;❌ não está
464;O Futuro do Bitcoin;0,10;1;1;❌ não está
465;Verifique seu Privilégio Financeiro;0,10;1;1;❌ não está
466;What are DAOs?;0,10;1;1;❌ não está
467;Ativos digitais, tecnologia de contabilidade e o futuro;0,10;1;1;❌ não está
468;A Incrível Logística dos Supermercados;0,10;1;1;❌ não está
469;Introdução;0,10;1;1;❌ não está
470;The Coming Currency War;0,10;1;1;❌ não está
471;Top 10 Tendências para o Ambiente de Trabalho em 2022;0,10;1;1;❌ não está
472;A Moeda da Confiança;0,10;1;1;❌ não está
473;Batendo o Relógio de Ponto;0,09;1;1;❌ não está
474;O maior recurso do Bitcoin também é sua ameaça existencial;0,09;1;1;❌ não está
475;Mentes Felizes;0,09;1;1;❌ não está
476;O Sucesso de Elon Musk;0,09;1;1;❌ não está
477;Os 14 Princípios da Organização do Futuro;0,09;1;1;❌ não está
478;Ensinando robôs da maneira errada;0,09;1;1;❌ não está
479;Want a Job? The AI Will See You Now;0,09;1;1;❌ não está
480;A visão de Bob Muglia sobre Bill Gates e Steve Ballmer;0,09;1;1;❌ não está
481;Warren Buffett: Sua trajetória e suas lições;0,09;1;1;❌ não está
482;5 Dicas para se destacar na gestão remota;0,08;1;1;❌ não está
483;Inovação em RH e o Futuro do Trabalho;0,08;1;1;❌ não está
484;Emoções: Fatos vs. Ficção;0,08;1;1;❌ não está
485;Construindo um Local de Trabalho Diversificado e Inclusivo;0,08;1;1;❌ não está
486;Custo Marginal Zero;0,07;1;1;❌ não está
