categoria	curso_no_site	aulas	rank_html
Inglês	Inglês Basic 1	17	
Inglês	Business English	2	
Game & Marketing	Game Dev - Introdução ao Mundo Game	4	41
Game & Marketing	CBS - Community Building Estrategy	9	28
Inteligência Artificial	Inteligência Artificial - Canis Minor Solum	27	1
Inteligência Artificial	Fundamentos de Machine Learning	29	17
Inteligência Artificial	Data Science	61	13
Inteligência Artificial	IA para Produtividade	2	
Gestão Empresarial	Auxiliar Administrativo	17	
Gestão Empresarial	7 Tendências para o Novo Mundo	10	33
Gestão Empresarial	Instagram Autoral	8	39
Gestão Empresarial	Contabilidade para Iniciantes	6	48
Gestão Empresarial	Estratégias de Carreira	6	34
Gestão Empresarial	Liderança de Equipes	1	
Tecnologia	AutoCAD 2019	53	12
Tecnologia	Python	86	6
Tecnologia	B.I: Business Intelligence	9	42
Tecnologia	Power Point	16	
Tecnologia	Excel 2019 (Módulo I)	41	5
Tecnologia	Illustrator CC 2019	47	9
Tecnologia	React Avançado	4	
