local	nome_no_vimeo	itens	tipo
ALL+	Curso Inglês Basic 2	0	pasta
ALL+	Curso Inglês Basic 1	16	pasta
ALL+	Game Dev - Introdução ao Mund	4	pasta
ALL+	Estratégias de Carreira	6	pasta
ALL+	Illustrator CC 2019	12	pasta
ALL+	Inteligência Artificial	11	pasta
ALL+	Estratégias de Carreira	6	pasta
ALL+	Contabilidade para não contadore	6	pasta
ALL+	Excel 2019 Módulo 1	7	pasta
ALL+	CBS - Community Building Strateg	9	pasta
ALL+	Instagram Autoral	8	pasta
ALL+	BI Como transformar dados em	9	pasta
ALL+	7 Tendencia para o novo mundo	10	pasta
ALL+	AutoCAD 2019 - Módulo I Premi	11	pasta
ALL+	Auxiliar adm	16	pasta
ALL+	Curso Power Point	3	pasta
ALL+	AUX ADM	16	pasta
ALL+	INFORMATICA - LEO	12	pasta
ALL+	INSTAGRAM AUTORAL	1	video
ALL+	How to create an Internatio	1	video 00:00
ALL+	Business Dô	1	video 00:00
ALL+	International Team Manag	1	video 00:00
ALL+	How to do business with A	1	video 00:00
ALL+	Hábitos Simples para Tem	1	video 00:00
NOVOS CURSOS	Business Dô	1	pasta
NOVOS CURSOS	Você, Eu e os Robôs	1	pasta
NOVOS CURSOS	Método Python Pass	9	pasta
NOVOS CURSOS	O que é Inteligência Artificial	1	pasta
NOVOS CURSOS	Fundamentos de Machine Learni	16	pasta
NOVOS CURSOS	Data Science em Foco Projetos qu	10	pasta
NOVOS CURSOS	AI Superpowers China,Silicon Val	1	pasta
NOVOS CURSOS	Big Data in Practice	1	pasta
NOVOS CURSOS	A Thousand Brains A New Theory o	1	pasta
NOVOS CURSOS	A Revolução do Aprendizado Profu	1	pasta
NOVOS CURSOS	Hábitos Simples para Tem	1	video 00:00
NOVOS CURSOS	International Team Manag	1	video 00:00
NOVOS CURSOS	How to create an Internatio	1	video 00:00
NOVOS CURSOS	How to do business with A	1	video 00:00
